gene,log2FC_pseudobulk,t_stat,t_pval,mw_pval,mean_counts_WS,mean_counts_CTRL,pct_expr_WS,pct_expr_CTRL,abs_log2FC
ELN,0.9456,1.2789,0.283656,0.0,0.02,0.01,0.0179,0.0106,0.9456
SPDYE5,0.5297,1.9597,0.142359,0.019541,0.0,0.0,0.0013,0.0008,0.5297
SPDYE6,-0.4888,-1.4817,0.248846,0.102359,0.0,0.0,0.0007,0.001,0.4888
CYB5D2,0.4443,1.654,0.191997,0.0,0.14,0.1,0.1145,0.0843,0.4443
CLDN4,-0.3002,-1.0242,0.388642,0.661594,0.0,0.0,0.0008,0.0008,0.3002
MLXIPL,-0.2679,-0.523,0.644484,0.201063,0.01,0.01,0.0077,0.0085,0.2679
LAT2,0.2153,0.3383,0.75312,0.147099,0.0,0.0,0.0013,0.0009,0.2153
TBL2,0.2077,1.2392,0.29553,0.0,0.09,0.07,0.0811,0.0687,0.2077
FKBP6,0.1488,0.364,0.74025,0.537287,0.0,0.0,0.0001,0.0001,0.1488
STX1A,-0.1318,-0.3808,0.731433,0.262444,0.22,0.22,0.1787,0.1814,0.1318
CLDN3,-0.1205,-0.0941,0.930293,0.000189,0.01,0.01,0.0054,0.0038,0.1205
FZD9,0.1204,0.4968,0.64845,0.050597,0.02,0.02,0.0197,0.018,0.1204
CLIP2,0.1112,0.5708,0.612535,0.0,0.18,0.16,0.1555,0.1384,0.1112
RFC2,0.1046,0.6869,0.562511,0.0,0.18,0.16,0.1484,0.1342,0.1046
LIMK1,-0.1002,-0.4025,0.707894,0.083368,0.12,0.13,0.1104,0.114,0.1002
SPDYE3,0.0921,0.4029,0.709608,0.285173,0.0,0.0,0.0021,0.0018,0.0921
EIF4H,-0.0719,-0.685,0.545749,0.906743,0.72,0.73,0.4718,0.4682,0.0719
GTF2I,-0.0548,-0.3592,0.737625,0.294775,2.59,2.6,0.8242,0.8145,0.0548
GTF2IRD1,-0.0498,-0.3174,0.767037,0.495649,0.1,0.1,0.0932,0.0919,0.0498
BAZ1B,-0.0239,-0.1714,0.873124,0.941717,0.43,0.43,0.3092,0.3092,0.0239
GTF2IRD2,-0.016,-0.0722,0.948378,0.075415,0.07,0.06,0.0615,0.0588,0.016
SPDYE1,0.0145,0.0996,0.929717,0.884895,0.0,0.0,0.0008,0.0008,0.0145
