chr,start,end,n_windows,mean_z,resolution
chr1,24199558,26281522,3,-2.7361739264762974,fine
chr1,40861054,43389808,3,-2.0735739210656425,fine
chr1,43300982,45491155,4,-1.828406918764218,fine
chr1,44739818,46316776,3,-3.0724720673009496,fine
chr1,54806063,63660245,3,-3.8336542950762897,fine
chr1,150549369,151771334,4,-3.5330790156238496,fine
chr1,155078837,156243332,3,-2.2147759568366676,fine
chr1,223220819,227781826,3,-2.380476891952267,fine
chr1,226870184,230978875,3,-2.8371897161442803,fine
chr4,2930561,7033118,3,-2.660387592282004,fine
chr5,173056352,178153894,7,-3.4368940996575144,fine
chr6,291630,7347446,3,-4.312537269251065,fine
chr6,70566917,80346270,3,-2.32981100696246,fine
chr6,136342281,143938471,3,-4.292214731507806,fine
chr6,154159828,163578592,4,-5.757592744963858,fine
chr7,2537810,6799365,4,-2.5637948067812113,fine
chr7,30284597,37449223,3,-4.454709282001578,fine
chr8,96493813,103230305,3,-2.546175233773289,fine
chr8,123178960,132760712,3,-2.32149316246089,fine
chr9,86026146,93036236,3,-3.5179442612281213,fine
chr11,61333220,62615116,3,-2.3004326019078976,fine
chr11,62908679,64844653,6,-3.210411653084764,fine
chr11,65333843,66563334,7,-3.6661426952505165,fine
chr14,55124110,61550976,4,-4.079290762961382,fine
chr14,95709947,104937761,10,-2.2978291096233847,fine
chr16,1431078,2135898,3,-3.0466720269642678,fine
chr17,14069490,17591708,3,-3.4224486788189012,fine
chr17,38705273,40172171,4,-3.3508225113502137,fine
chr17,74579365,76083666,7,-3.3278708887254327,fine
chr17,81703367,82442645,3,-2.8887575814656814,fine
chr19,859453,1605445,3,-2.1595725538908197,fine
chr19,12525373,13633025,4,-2.385263364199538,fine
chr19,17794828,19821751,10,-2.8352436857816157,fine
chr19,37554782,38912186,3,-2.145351871459268,fine
chr19,41386371,42937207,5,-2.2162733150459233,fine
chr19,45933734,48330553,7,-2.4766153252933227,fine
chr20,36573488,41124487,3,-5.340748810371493,fine
chr20,57561080,62762771,4,-2.879890082976852,fine
chr22,41447830,44862788,6,-2.8706743352396837,fine
