cell,cluster,cell_type
AAACATACAACCAC-1,3,NK cell
AAACATTGAGCTAC-1,11,B cell
AAACATTGATCAGC-1,0,T cell
AAACCGTGCTTCCG-1,5,Dendritic
AAACCGTGTATGCG-1,6,NK cell
AAACGCACTGGTAC-1,0,T cell
AAACGCTGACCAGT-1,3,NK cell
AAACGCTGGTTCTT-1,12,T cell
AAACGCTGTAGCCA-1,8,T cell
AAACGCTGTTTCTG-1,5,Dendritic
AAACTTGAAAAACG-1,11,B cell
AAACTTGATCCAGA-1,1,T cell
AAAGAGACGAGATA-1,0,T cell
AAAGAGACGCGAGA-1,2,Monocyte
AAAGAGACGGACTT-1,3,NK cell
AAAGAGACGGCATT-1,9,T cell
AAAGATCTGGGCAA-1,2,Monocyte
AAAGCAGAAGCCAT-1,12,T cell
AAAGCAGATATCGG-1,5,Dendritic
AAAGCCTGTATGCG-1,0,T cell
AAAGGCCTGTCTAG-1,11,B cell
AAAGTTTGATCACG-1,4,B cell
AAAGTTTGGGGTGA-1,11,B cell
AAAGTTTGTAGAGA-1,9,T cell
AAAGTTTGTAGCGT-1,2,Monocyte
AAATCAACAATGCC-1,11,B cell
AAATCAACACCAGT-1,1,T cell
AAATCAACCAGGAG-1,8,T cell
AAATCAACCCTATT-1,7,Monocyte
AAATCAACGGAAGC-1,1,T cell
AAATCAACTCGCAA-1,0,T cell
AAATCATGACCACA-1,5,Dendritic
AAATCCCTCCACAA-1,8,T cell
AAATCCCTGCTATG-1,4,B cell
AAATGTTGAACGAA-1,2,Monocyte
AAATGTTGCCACAA-1,10,T cell
AAATGTTGTGGCAT-1,7,Monocyte
AAATTCGAAGGTTC-1,9,T cell
AAATTCGAATCACG-1,2,Monocyte
AAATTCGAGCTGAT-1,5,Dendritic
AAATTCGAGGAGTG-1,8,T cell
AAATTCGATTCTCA-1,6,NK cell
AAATTGACACGACT-1,12,T cell
AAATTGACTCGCTC-1,10,T cell
AACAAACTCATTTC-1,9,T cell
AACAAACTTTCGTT-1,0,T cell
AACAATACGACGAG-1,8,T cell
AACACGTGCAGAGG-1,0,T cell
AACACGTGGAAAGT-1,9,T cell
AACACGTGGAACCT-1,2,Monocyte
AACACGTGGCTACA-1,8,T cell
AACACGTGTACGAC-1,5,Dendritic
AACAGCACAAGAGT-1,2,Monocyte
AACATTGATGGGAG-1,5,Dendritic
AACCAGTGATACCG-1,5,Dendritic
AACCCAGATCGCTC-1,9,T cell
AACCGATGCTCCCA-1,10,T cell
AACCGATGGTCATG-1,4,B cell
AACCGATGTTCTAC-1,2,Monocyte
AACCGCCTAGCGTT-1,0,T cell
AACCGCCTCTACGA-1,7,Monocyte
AACCTACTGTGAGG-1,7,Monocyte
AACCTACTGTGTTG-1,8,T cell
AACCTTACGAGACG-1,8,T cell
AACCTTACGCGAGA-1,6,NK cell
AACCTTACTAACGC-1,5,Dendritic
AACCTTTGGACGGA-1,1,T cell
AACCTTTGTACGCA-1,5,Dendritic
AACGCAACAAGTAG-1,0,T cell
AACGCATGACCCAA-1,0,T cell
AACGCATGCCTTCG-1,8,T cell
AACGCATGTACTTC-1,0,T cell
AACGCCCTCGGGAA-1,0,T cell
AACGCCCTCGTACA-1,6,NK cell
AACGCCCTGCTTAG-1,4,B cell
AACGCCCTGGCATT-1,0,T cell
AACGTCGAGTATCG-1,6,NK cell
AACGTGTGAAAGCA-1,1,T cell
AACGTGTGGCGGAA-1,11,B cell
AACGTGTGTCCAAG-1,9,T cell
AACGTGTGTGCTTT-1,0,T cell
AACTACCTTAGAGA-1,1,T cell
AACTCACTCAAGCT-1,7,Monocyte
AACTCACTTGGAGG-1,2,Monocyte
AACTCGGAAAGTGA-1,12,T cell
AACTCGGAAGGTCT-1,2,Monocyte
AACTCTTGCAGGAG-1,0,T cell
AACTGTCTCCCTTG-1,2,Monocyte
AACTTGCTACGCTA-1,11,B cell
AACTTGCTGGGACA-1,1,T cell
AAGAACGAGTGTTG-1,9,T cell
AAGAAGACGTAGGG-1,4,B cell
AAGACAGAAGTCTG-1,4,B cell
AAGACAGAGGATCT-1,1,T cell
AAGACAGATTACCT-1,2,Monocyte
AAGAGATGGGTAGG-1,4,B cell
AAGATGGAAAACAG-1,4,B cell
AAGATGGAGAACTC-1,7,Monocyte
AAGATGGAGATAAG-1,7,Monocyte
AAGATTACAACCTG-1,1,T cell
AAGATTACAGATCC-1,7,Monocyte
AAGATTACCCGTTC-1,7,Monocyte
AAGATTACCGCCTT-1,13,Dendritic
AAGATTACCTCAAG-1,6,NK cell
AAGATTACTCCTCG-1,2,Monocyte
AAGCAAGAGCGAGA-1,3,NK cell
AAGCAAGAGCTTAG-1,3,NK cell
AAGCAAGAGGTGTT-1,6,NK cell
AAGCACTGAGCAAA-1,11,B cell
AAGCACTGCATACG-1,3,NK cell
AAGCACTGGTTCTT-1,4,B cell
AAGCCAACGTGTTG-1,1,T cell
AAGCCATGAACTGC-1,13,Dendritic
AAGCCATGACACGT-1,2,Monocyte
AAGCCATGCGTGAT-1,1,T cell
AAGCCATGTCTCGC-1,8,T cell
AAGCCTGACATGCA-1,0,T cell
AAGCCTGACCGAAT-1,2,Monocyte
AAGCGACTCCTCAC-1,5,Dendritic
AAGCGACTGTGTCA-1,8,T cell
AAGCGACTTACAGC-1,4,B cell
AAGCGACTTTGACG-1,5,Dendritic
AAGCGTACGTCTTT-1,8,T cell
AAGGCTTGCGAACT-1,3,NK cell
AAGGTCACGGTTAC-1,2,Monocyte
AAGGTCACTGTTTC-1,4,B cell
AAGGTCACTTCCCG-1,12,T cell
AAGGTCTGACAGTC-1,10,T cell
AAGGTCTGCAGATC-1,9,T cell
AAGGTCTGGTATGC-1,2,Monocyte
AAGTAACTCTGAAC-1,2,Monocyte
AAGTAACTGAGATA-1,4,B cell
AAGTAGGATACAGC-1,6,NK cell
AAGTATACCGAACT-1,0,T cell
AAGTCCGACTTGTT-1,1,T cell
AAGTCCGATAGAAG-1,8,T cell
AAGTCTCTAGTCGT-1,1,T cell
AAGTCTCTCGGAGA-1,3,NK cell
AAGTGGCTTGGAGG-1,4,B cell
AAGTTCCTCATTCT-1,5,Dendritic
AAGTTCCTTCTTAC-1,3,NK cell
AATAAGCTCGAATC-1,0,T cell
AATAAGCTCGTTGA-1,1,T cell
AATACCCTGGACGA-1,4,B cell
AATACCCTGGCATT-1,10,T cell
AATACTGAAAGGGC-1,6,NK cell
AATACTGAATTGGC-1,6,NK cell
AATAGGGAACCCTC-1,11,B cell
AATAGGGAGAATGA-1,3,NK cell
AATCAAACTATCGG-1,3,NK cell
AATCCGGAATGCTG-1,11,B cell
AATCCTACCGGTAT-1,9,T cell
AATCCTTGACGGGA-1,7,Monocyte
AATCCTTGGTGAGG-1,6,NK cell
AATCGGTGGAACTC-1,3,NK cell
AATCGGTGTGCTTT-1,8,T cell
AATCTAGAAAAGTG-1,0,T cell
AATCTAGAATCGGT-1,8,T cell
AATCTCACAGCCTA-1,2,Monocyte
AATCTCACTCTAGG-1,1,T cell
AATCTCTGAACAGA-1,1,T cell
AATCTCTGCTTTAC-1,6,NK cell
AATGATACACCAAC-1,3,NK cell
AATGATACGGTCAT-1,7,Monocyte
AATGCGTGACACCA-1,11,B cell
AATGCGTGGACGGA-1,13,Dendritic
AATGCGTGGCTATG-1,4,B cell
AATGGAGAATCGTG-1,2,Monocyte
AATGGAGATCCTTA-1,12,T cell
AATGGCTGACACCA-1,4,B cell
AATGGCTGCGTGAT-1,0,T cell
AATGGCTGTAAAGG-1,12,T cell
AATGGCTGTACTCT-1,10,T cell
AATGGCTGTGAAGA-1,1,T cell
AATGTAACGGTGGA-1,1,T cell
AATGTAACGTTTGG-1,12,T cell
AATGTCCTCTTCTA-1,0,T cell
AATGTTGACAGTCA-1,0,T cell
AATGTTGAGTTGAC-1,2,Monocyte
AATGTTGATCTACT-1,0,T cell
AATTACGAATTCCT-1,13,Dendritic
AATTACGACTTCTA-1,1,T cell
AATTACGAGTAGCT-1,12,T cell
AATTACGAGTGAGG-1,0,T cell
AATTACGATTGGCA-1,4,B cell
AATTCCTGCTCAGA-1,4,B cell
AATTGATGTCGCAA-1,5,Dendritic
AATTGTGACTTGGA-1,4,B cell
ACAAAGGAGGGTGA-1,8,T cell
ACAAATTGATTCTC-1,5,Dendritic
ACAAATTGCTCAGA-1,2,Monocyte
ACAAATTGTTGCGA-1,6,NK cell
ACAACCGAGGGATG-1,6,NK cell
ACAACCGAGTTACG-1,0,T cell
ACAAGAGAAGTCGT-1,7,Monocyte
ACAAGAGACTTATC-1,8,T cell
ACAAGAGAGTTGAC-1,4,B cell
ACAATCCTAACCGT-1,0,T cell
ACAATCCTTAGCGT-1,4,B cell
ACAATTGACTGACA-1,3,NK cell
ACAATTGATGACTG-1,6,NK cell
ACACAGACACCTGA-1,2,Monocyte
ACACAGACCATACG-1,3,NK cell
ACACCAGAGGGCAA-1,3,NK cell
ACACCCTGGTGTTG-1,6,NK cell
ACACGAACAGTTCG-1,10,T cell
ACACGATGACGCAT-1,12,T cell
ACACGATGATGTGC-1,7,Monocyte
ACACGATGTCGTAG-1,3,NK cell
ACACGATGTGGTCA-1,3,NK cell
ACAGACACGGCATT-1,3,NK cell
ACAGACACGTTGTG-1,0,T cell
ACAGCAACACCTAG-1,2,Monocyte
ACAGCAACCTCAAG-1,5,Dendritic
ACAGGTACCCCACT-1,1,T cell
ACAGGTACGCTGTA-1,12,T cell
ACAGGTACTGGTGT-1,6,NK cell
ACAGTCGACCCAAA-1,3,NK cell
ACAGTCGACCGATA-1,3,NK cell
ACAGTGACTCACCC-1,3,NK cell
ACAGTGACTCTATC-1,12,T cell
ACAGTGTGGTCACA-1,9,T cell
ACAGTGTGTTGCGA-1,2,Monocyte
ACATCACTCTACTT-1,2,Monocyte
ACATGGTGAAGCCT-1,1,T cell
ACATGGTGCAACCA-1,11,B cell
ACATGGTGCGAGTT-1,1,T cell
ACATGGTGCGTTGA-1,12,T cell
ACATTCTGGCATAC-1,1,T cell
ACATTCTGGGAACG-1,7,Monocyte
ACCAACGACATGCA-1,9,T cell
ACCACAGAAAGTAG-1,9,T cell
ACCACAGAGTTGGT-1,1,T cell
ACCACCTGTGTGCA-1,9,T cell
ACCACGCTACAGCT-1,1,T cell
ACCACGCTACCCAA-1,3,NK cell
ACCACGCTGCGAGA-1,10,T cell
ACCACGCTGCTGTA-1,3,NK cell
ACCAGCCTGACAGG-1,0,T cell
ACCAGTGAACGGTT-1,4,B cell
ACCAGTGAATACCG-1,5,Dendritic
ACCAGTGAGGGATG-1,8,T cell
ACCAGTGATGACTG-1,2,Monocyte
ACCATTACCTTCTA-1,1,T cell
ACCATTACGAGATA-1,0,T cell
ACCATTTGTCATTC-1,9,T cell
ACCCAAGAACTGTG-1,3,NK cell
ACCCAAGAATTCCT-1,5,Dendritic
ACCCAAGAGGACAG-1,0,T cell
ACCCAAGATTCACT-1,4,B cell
ACCCACTGCGCCTT-1,2,Monocyte
ACCCACTGGACAGG-1,1,T cell
ACCCACTGGTTCAG-1,2,Monocyte
ACCCACTGTCGTAG-1,7,Monocyte
ACCCAGCTCAGAAA-1,0,T cell
ACCCAGCTGTTAGC-1,7,Monocyte
ACCCAGCTTGCTTT-1,1,T cell
ACCCGTTGATGACC-1,4,B cell
ACCCGTTGCTGCAA-1,1,T cell
ACCCGTTGCTTCTA-1,13,Dendritic
ACCCTCGACCTATT-1,10,T cell
ACCCTCGACGGTAT-1,4,B cell
ACCCTCGATAAGGA-1,7,Monocyte
ACCCTCGATCAAGC-1,5,Dendritic
ACCGTGCTACCAGT-1,1,T cell
ACCGTGCTGGAACG-1,11,B cell
ACCTATTGCTGAGT-1,4,B cell
ACCTATTGTGCCCT-1,5,Dendritic
ACCTCCGAGTCCTC-1,0,T cell
ACCTCCGATATGCG-1,1,T cell
ACCTCCGATGCTGA-1,9,T cell
ACCTCGTGAACCAC-1,12,T cell
ACCTGAGATATCGG-1,2,Monocyte
ACCTGGCTAAGTAG-1,6,NK cell
ACCTGGCTGTCTTT-1,2,Monocyte
ACCTTTGACTCCCA-1,7,Monocyte
ACCTTTGAGGAACG-1,7,Monocyte
ACCTTTGAGGAAGC-1,7,Monocyte
ACGAACACCTTGTT-1,6,NK cell
ACGAACTGGCTATG-1,2,Monocyte
ACGAAGCTCTCCAC-1,8,T cell
ACGAAGCTCTGAGT-1,11,B cell
ACGACCCTATCTCT-1,7,Monocyte
ACGACCCTGATGAA-1,3,NK cell
ACGACCCTTGACAC-1,11,B cell
ACGACCCTTGACCA-1,1,T cell
ACGAGGGACAGGAG-1,13,Dendritic
ACGAGGGACGAACT-1,1,T cell
ACGAGGGATGTAGC-1,0,T cell
ACGAGTACCCTAAG-1,4,B cell
ACGAGTACGAATCC-1,11,B cell
ACGATCGAGGACTT-1,6,NK cell
ACGATCGAGTCACA-1,2,Monocyte
ACGATGACAATGCC-1,0,T cell
ACGATGACTGGTCA-1,0,T cell
ACGATTCTACGGGA-1,3,NK cell
ACGCAATGGTTCAG-1,6,NK cell
ACGCACCTGTTAGC-1,4,B cell
ACGCCACTGAACTC-1,2,Monocyte
ACGCCGGAAACCAC-1,2,Monocyte
ACGCCGGAAAGCCT-1,9,T cell
ACGCCGGAAATGCC-1,9,T cell
ACGCCTTGCTCCCA-1,5,Dendritic
ACGCGGTGGCGAGA-1,1,T cell
ACGCGGTGTGTGGT-1,11,B cell
ACGCGGTGTTTGCT-1,3,NK cell
ACGCTCACAGTACC-1,1,T cell
ACGCTCACCCTTGC-1,1,T cell
ACGCTGCTGTTCTT-1,6,NK cell
ACGGAACTCAGATC-1,6,NK cell
ACGGAACTGTCGTA-1,5,Dendritic
ACGGAGGACTCTTA-1,2,Monocyte
ACGGATTGGGAGGT-1,4,B cell
ACGGATTGGTTAGC-1,0,T cell
ACGGCTCTGAGCAG-1,0,T cell
ACGGCTCTTGCACA-1,1,T cell
ACGGTAACCGCTAA-1,10,T cell
ACGGTAACCTTCGC-1,3,NK cell
ACGGTAACGGTGGA-1,9,T cell
ACGGTAACTCGCAA-1,3,NK cell
ACGGTATGAGTCGT-1,2,Monocyte
ACGGTATGGGTATC-1,4,B cell
ACGGTATGGTTGTG-1,4,B cell
ACGGTCCTAACGGG-1,0,T cell
ACGGTCCTCGGGAA-1,0,T cell
ACGTAGACAACCAC-1,0,T cell
ACGTAGACTACAGC-1,4,B cell
ACGTCAGAAACGAA-1,0,T cell
ACGTCAGAGAGCTT-1,5,Dendritic
ACGTCAGAGGGATG-1,9,T cell
ACGTCCTGATAAGG-1,2,Monocyte
ACGTCCTGTGAACC-1,7,Monocyte
ACGTCGCTCCTGAA-1,6,NK cell
ACGTCGCTCTATTC-1,13,Dendritic
ACGTCGCTTCTCAT-1,4,B cell
ACGTGATGCCATGA-1,13,Dendritic
ACGTGATGGGTCTA-1,8,T cell
ACGTGATGTAACCG-1,5,Dendritic
ACGTGATGTGACAC-1,6,NK cell
ACGTGCCTCCGTAA-1,0,T cell
ACGTGCCTTCTATC-1,3,NK cell
ACGTTACTTTCCAT-1,0,T cell
ACGTTGGAAAAGCA-1,8,T cell
ACGTTGGAAACCTG-1,3,NK cell
ACGTTGGACCGTAA-1,2,Monocyte
ACGTTGGAGCCAAT-1,6,NK cell
ACGTTGGATATGGC-1,4,B cell
ACGTTGGATCAGGT-1,7,Monocyte
ACGTTTACATCAGC-1,8,T cell
ACTAAAACCCACAA-1,3,NK cell
ACTAAAACTCGACA-1,2,Monocyte
ACTACGGAATTTCC-1,0,T cell
ACTACGGACCTATT-1,9,T cell
ACTACGGATCGCTC-1,1,T cell
ACTACTACTAAGGA-1,8,T cell
ACTAGGTGGAACCT-1,10,T cell
ACTAGGTGGAACTC-1,1,T cell
ACTATCACCTTGGA-1,3,NK cell
ACTATCACTGCCAA-1,1,T cell
ACTCAGGACTGAAC-1,1,T cell
ACTCAGGATCTATC-1,4,B cell
ACTCAGGATTCGTT-1,2,Monocyte
ACTCCTCTCAACTG-1,0,T cell
ACTCGCACGAAAGT-1,7,Monocyte
ACTCGCACTACGAC-1,7,Monocyte
ACTCTCCTGACACT-1,1,T cell
ACTCTCCTGCATAC-1,7,Monocyte
ACTCTCCTGTTTGG-1,1,T cell
ACTGAGACAACCAC-1,12,T cell
ACTGAGACCCATAG-1,5,Dendritic
ACTGAGACGTTGGT-1,11,B cell
ACTGCCACACACGT-1,3,NK cell
ACTGCCACTCCGTC-1,6,NK cell
ACTGGCCTTCAGTG-1,6,NK cell
ACTGTGGACGTGTA-1,4,B cell
ACTGTGGATCTAGG-1,11,B cell
ACTGTTACCCACAA-1,2,Monocyte
ACTGTTACTGCAGT-1,8,T cell
ACTTAAGAACCACA-1,8,T cell
ACTTAAGACCACAA-1,10,T cell
ACTTAAGATTACTC-1,13,Dendritic
ACTTAGCTGCGTAT-1,5,Dendritic
ACTTAGCTGGGAGT-1,0,T cell
ACTTCAACAAGCAA-1,3,NK cell
ACTTCAACGTAGGG-1,6,NK cell
ACTTCCCTTTCCGC-1,1,T cell
ACTTCTGACATGCA-1,4,B cell
ACTTGACTCCACAA-1,11,B cell
ACTTGGGAGAAAGT-1,2,Monocyte
ACTTGGGAGGTTTG-1,10,T cell
ACTTGGGATGTGAC-1,5,Dendritic
ACTTGGGATTGACG-1,7,Monocyte
ACTTGTACCCGAAT-1,8,T cell
ACTTGTACCTGTCC-1,1,T cell
ACTTTGTGCGATAC-1,8,T cell
ACTTTGTGGAAAGT-1,1,T cell
ACTTTGTGGATAGA-1,7,Monocyte
AGAAACGAAAGTAG-1,4,B cell
AGAAAGTGCGCAAT-1,0,T cell
AGAAAGTGGGGATG-1,2,Monocyte
AGAACAGAAATGCC-1,6,NK cell
AGAACAGACGACTA-1,4,B cell
AGAACAGAGACAAA-1,0,T cell
AGAACGCTTTGCTT-1,1,T cell
AGAAGATGTGACTG-1,0,T cell
AGAATGGAAGAAGT-1,3,NK cell
AGAATTTGTAACCG-1,0,T cell
AGAATTTGTAGAGA-1,8,T cell
AGACACACTGTAGC-1,8,T cell
AGACACTGTCAAGC-1,2,Monocyte
AGACCTGAAGTAGA-1,2,Monocyte
AGACCTGACCAACA-1,1,T cell
AGACCTGAGGAAGC-1,12,T cell
AGACGTACAGAGGC-1,0,T cell
AGACGTACCCCTAC-1,4,B cell
AGACGTACCTCTTA-1,7,Monocyte
AGACGTACTCGTGA-1,5,Dendritic
AGACTGACCATCAG-1,3,NK cell
AGACTGACCCTTTA-1,8,T cell
AGACTTCTCATGCA-1,4,B cell
AGAGATGACAGTCA-1,4,B cell
AGAGATGACTGAAC-1,1,T cell
AGAGATGAGGTTTG-1,2,Monocyte
AGAGATGATCTCGC-1,11,B cell
AGAGATGATTGTGG-1,8,T cell
AGAGCGGAGGCAAG-1,7,Monocyte
AGAGGTCTACAGCT-1,3,NK cell
AGAGTCTGGTCGTA-1,5,Dendritic
AGAGTGCTCAGCTA-1,9,T cell
AGAGTGCTCGAATC-1,1,T cell
AGAGTGCTGTCATG-1,0,T cell
AGAGTGCTGTCCTC-1,12,T cell
AGAGTGCTGTGTTG-1,4,B cell
AGATATACCCGTAA-1,6,NK cell
AGATATACGATGAA-1,0,T cell
AGATATACTGTTCT-1,11,B cell
AGATATTGCCTACC-1,3,NK cell
AGATATTGGCCAAT-1,7,Monocyte
AGATCGTGTCTGGA-1,7,Monocyte
AGATCGTGTTTGTC-1,4,B cell
AGATCTCTATCACG-1,4,B cell
AGATTAACGTTCTT-1,5,Dendritic
AGATTCCTATCGTG-1,0,T cell
AGATTCCTCACTTT-1,2,Monocyte
AGATTCCTGACGAG-1,2,Monocyte
AGATTCCTGTTCAG-1,6,NK cell
AGCAAAGATATGCG-1,1,T cell
AGCACAACAGTCTG-1,10,T cell
AGCACTGAGGGAGT-1,1,T cell
AGCACTGATATGCG-1,0,T cell
AGCACTGATGCTTT-1,13,Dendritic
AGCACTGATTGCGA-1,1,T cell
AGCATCGAAGATCC-1,0,T cell
AGCATCGAAGGGTG-1,11,B cell
AGCATCGAGCTTCC-1,2,Monocyte
AGCATCGAGTGAGG-1,0,T cell
AGCATCGATAACCG-1,2,Monocyte
AGCATGACGATGAA-1,3,NK cell
AGCCAATGGGGAGT-1,5,Dendritic
AGCCAATGTATCTC-1,1,T cell
AGCCACCTGGATCT-1,3,NK cell
AGCCGGTGCCAATG-1,0,T cell
AGCCGGTGTGTTTC-1,1,T cell
AGCCGTCTCAATCG-1,8,T cell
AGCCGTCTGAGAGC-1,0,T cell
AGCCTCACGTTCGA-1,9,T cell
AGCCTCACTGTCAG-1,5,Dendritic
AGCCTCTGCAGTTG-1,4,B cell
AGCCTCTGCCAATG-1,6,NK cell
AGCGAACTGGATCT-1,8,T cell
AGCGAACTTACTGG-1,0,T cell
AGCGATACGGAGCA-1,8,T cell
AGCGATTGAGATCC-1,6,NK cell
AGCGCCGAATCTCT-1,9,T cell
AGCGCCGACAGAGG-1,1,T cell
AGCGCTCTACCTTT-1,1,T cell
AGCGGCACCGGGAA-1,8,T cell
AGCGGCTGATGTGC-1,1,T cell
AGCGGGCTTGCCAA-1,10,T cell
AGCGTAACATGCTG-1,0,T cell
AGCGTAACTGAGAA-1,7,Monocyte
AGCTCGCTACTGGT-1,1,T cell
AGCTCGCTCTGCTC-1,8,T cell
AGCTGAACCATACG-1,5,Dendritic
AGCTGAACCTCTCG-1,1,T cell
AGCTGCCTTGGGAG-1,2,Monocyte
AGCTGCCTTTCATC-1,1,T cell
AGCTGCCTTTCTGT-1,3,NK cell
AGCTGTGATCCAAG-1,3,NK cell
AGCTTTACAAGTAG-1,1,T cell
AGCTTTACACCAAC-1,3,NK cell
AGCTTTACTCTCAT-1,11,B cell
AGGAAATGAGGAGC-1,0,T cell
AGGAACCTCTTAGG-1,5,Dendritic
AGGAACCTTGCCTC-1,3,NK cell
AGGAATGATAACGC-1,8,T cell
AGGAATGATTTGTC-1,0,T cell
AGGAGTCTGGTTTG-1,1,T cell
AGGAGTCTTGTCAG-1,1,T cell
AGGATAGACATTTC-1,0,T cell
AGGATAGAGGATTC-1,3,NK cell
AGGATGCTACTAGC-1,4,B cell
AGGATGCTTTAGGC-1,6,NK cell
AGGCAACTGAAGGC-1,0,T cell
AGGCAGGAGTACCA-1,12,T cell
AGGCCTCTAGTCGT-1,1,T cell
AGGCCTCTCGGAGA-1,1,T cell
AGGCCTCTCGTAAC-1,9,T cell
AGGGACGACGTTGA-1,1,T cell
AGGGACGAGTCAAC-1,6,NK cell
AGGGACGAGTTGTG-1,1,T cell
AGGGACGATAGAGA-1,12,T cell
AGGGACGATGCATG-1,3,NK cell
AGGGAGTGAGCCTA-1,9,T cell
AGGGCCACCATACG-1,1,T cell
AGGGCGCTAACCAC-1,7,Monocyte
AGGGCGCTATGGTC-1,10,T cell
AGGGTGGACAGTCA-1,11,B cell
AGGGTGGACTCAAG-1,7,Monocyte
AGGGTGGAGTTGCA-1,3,NK cell
AGGGTTTGTTCATC-1,7,Monocyte
AGGTCATGAGTGTC-1,4,B cell
AGGTCATGCTTATC-1,12,T cell
AGGTCTGATTCTCA-1,5,Dendritic
AGGTGGGAAGAATG-1,0,T cell
AGGTGGGAAGTTCG-1,1,T cell
AGGTGTTGGTTACG-1,11,B cell
AGGTTCGAACCTCC-1,2,Monocyte
AGGTTCGAACGTAC-1,2,Monocyte
AGGTTCGAGGGTGA-1,8,T cell
AGTAAGGAGTTTGG-1,0,T cell
AGTAAGGATTCTTG-1,0,T cell
AGTAATACATCACG-1,6,NK cell
AGTAATACCGAACT-1,4,B cell
AGTAATTGTCCCAC-1,0,T cell
AGTACGTGAGGGTG-1,0,T cell
AGTACGTGCTGCAA-1,0,T cell
AGTACGTGCTTGGA-1,0,T cell
AGTACTCTACGTGT-1,4,B cell
AGTACTCTCAACCA-1,3,NK cell
AGTACTCTCGGTAT-1,3,NK cell
AGTAGGCTTGCCTC-1,5,Dendritic
AGTATAACTTGTCT-1,5,Dendritic
AGTATCCTAGAACA-1,1,T cell
AGTCACGATGAGCT-1,6,NK cell
AGTCAGACGAATAG-1,0,T cell
AGTCAGACGCTTAG-1,8,T cell
AGTCAGACTAGAGA-1,12,T cell
AGTCAGACTGCACA-1,0,T cell
AGTCCAGATATCTC-1,9,T cell
AGTCCAGATTTCAC-1,1,T cell
AGTCGAACCAACCA-1,1,T cell
AGTCGCCTCCGTAA-1,0,T cell
AGTCTACTAGGGTG-1,2,Monocyte
AGTCTACTTGCATG-1,5,Dendritic
AGTCTTACACCACA-1,8,T cell
AGTCTTACTTCGCC-1,12,T cell
AGTCTTACTTCGGA-1,2,Monocyte
AGTGACTGCAACTG-1,5,Dendritic
AGTGTTCTAACCTG-1,0,T cell
AGTGTTCTATAAGG-1,3,NK cell
AGTGTTCTCACTTT-1,7,Monocyte
AGTTAAACCACTTT-1,0,T cell
AGTTATGAACAGTC-1,2,Monocyte
AGTTATGACTGAGT-1,10,T cell
AGTTATGAGTTCAG-1,0,T cell
AGTTCTACCAGCTA-1,2,Monocyte
AGTTCTTGAAGCCT-1,3,NK cell
AGTTGTCTACTACG-1,1,T cell
AGTTTAGATGGTCA-1,3,NK cell
AGTTTCACGGTCTA-1,3,NK cell
AGTTTGCTACAGTC-1,8,T cell
AGTTTGCTACTGGT-1,6,NK cell
AGTTTGCTCCAAGT-1,10,T cell
ATAAACACAGTGCT-1,4,B cell
ATAAACACCACCAA-1,8,T cell
ATAACAACATGCTG-1,7,Monocyte
ATAACAACGTCTAG-1,9,T cell
ATAACAACTTTGTC-1,1,T cell
ATAACATGTACTCT-1,0,T cell
ATAACCCTGTTGGT-1,3,NK cell
ATAACCCTTGGTAC-1,0,T cell
ATAAGTACGAATGA-1,4,B cell
ATAAGTTGGTACGT-1,5,Dendritic
ATAAGTTGTCTAGG-1,0,T cell
ATAATCGAGCTGAT-1,4,B cell
ATAATCGATGGTTG-1,1,T cell
ATAATGACCTACTT-1,0,T cell
ATAATGACTCGTGA-1,2,Monocyte
ATACAATGTTAGGC-1,0,T cell
ATACCACTCGTACA-1,2,Monocyte
ATACCACTCTAAGC-1,13,Dendritic
ATACCACTGCCAAT-1,6,NK cell
ATACCGGAATGCTG-1,13,Dendritic
ATACCGGACATTTC-1,7,Monocyte
ATACCGGACTTCGC-1,0,T cell
ATACCGGAGGTGTT-1,2,Monocyte
ATACCGGATCTCGC-1,9,T cell
ATACCTACGCATCA-1,10,T cell
ATACCTTGGGGCAA-1,8,T cell
ATACGGACAGACTC-1,2,Monocyte
ATACGGACCTACTT-1,2,Monocyte
ATACGGACGAGGTG-1,4,B cell
ATACGGACTATGCG-1,4,B cell
ATACGGACTCTGGA-1,2,Monocyte
ATACGTCTTAACGC-1,2,Monocyte
ATACTCTGCTTCGC-1,5,Dendritic
ATACTCTGGTATGC-1,6,NK cell
ATAGATACCATGGT-1,0,T cell
ATAGATACGACGAG-1,1,T cell
ATAGATTGGTGTAC-1,11,B cell
ATAGCCGAACGGAG-1,1,T cell
ATAGCGTGCAGATC-1,0,T cell
ATAGCGTGCCCTTG-1,2,Monocyte
ATAGCGTGGTATCG-1,2,Monocyte
ATAGCGTGTCTCTA-1,0,T cell
ATAGCTCTCTGATG-1,1,T cell
ATAGCTCTGAGGTG-1,1,T cell
ATAGGAGAAACAGA-1,5,Dendritic
ATAGGCTGTCAGAC-1,1,T cell
ATAGTCCTAGTGTC-1,2,Monocyte
ATAGTCCTTGCATG-1,3,NK cell
ATAGTCCTTGTCGA-1,8,T cell
ATAGTTGACAACTG-1,9,T cell
ATAGTTGACCCTCA-1,5,Dendritic
ATAGTTGAGACGTT-1,9,T cell
ATAGTTGATAAGCC-1,9,T cell
ATATACGAAGCCAT-1,1,T cell
ATATACGAATTGGC-1,0,T cell
ATATAGTGGAATGA-1,2,Monocyte
ATATGCCTAGATCC-1,2,Monocyte
ATATGCCTGGACAG-1,8,T cell
ATATGCCTTCTCTA-1,9,T cell
ATATGCCTTGGTAC-1,9,T cell
ATCAAATGAGCCTA-1,7,Monocyte
ATCAAATGGGTAAA-1,5,Dendritic
ATCAACCTAAACGA-1,0,T cell
ATCAACCTGAGGAC-1,1,T cell
ATCAACCTTCTCTA-1,12,T cell
ATCAACCTTTGTCT-1,3,NK cell
ATCACACTTTGTCT-1,0,T cell
ATCACGGATTGCTT-1,2,Monocyte
ATCACGGATTTCGT-1,11,B cell
ATCATCTGACACCA-1,2,Monocyte
ATCATGCTAGAGTA-1,3,NK cell
ATCATGCTGAACCT-1,11,B cell
ATCCAGGACGCTAA-1,5,Dendritic
ATCCAGGATGGAAA-1,0,T cell
ATCCATACTCCTTA-1,2,Monocyte
ATCCATACTTCATC-1,5,Dendritic
ATCCCGTGCAGTCA-1,6,NK cell
ATCCCGTGCATGCA-1,4,B cell
ATCCCGTGGCTGAT-1,4,B cell
ATCCGCACGCATCA-1,11,B cell
ATCCTAACGACGGA-1,4,B cell
ATCCTAACGCTACA-1,10,T cell
ATCGACGAAACTGC-1,7,Monocyte
ATCGACGAATGACC-1,8,T cell
ATCGAGTGGACGTT-1,3,NK cell
ATCGCAGAATCTCT-1,5,Dendritic
ATCGCAGAGTGTCA-1,11,B cell
ATCGCCACTGAGGG-1,3,NK cell
ATCGCCTGGGTCAT-1,0,T cell
ATCGCCTGTGGCAT-1,4,B cell
ATCGCGCTCAGAGG-1,2,Monocyte
ATCGCGCTGGGATG-1,0,T cell
ATCGCGCTTTTCGT-1,4,B cell
ATCGGAACCAGTCA-1,9,T cell
ATCGGTGAGTCAAC-1,1,T cell
ATCGGTGATTGCAG-1,1,T cell
ATCGTTTGCCTACC-1,7,Monocyte
ATCGTTTGGGTACT-1,2,Monocyte
ATCGTTTGTGCCAA-1,2,Monocyte
ATCTACACCCGCTT-1,2,Monocyte
ATCTACACCGGGAA-1,1,T cell
ATCTCAACAGGAGC-1,4,B cell
ATCTCAACCTCGAA-1,9,T cell
ATCTCAACCTTGTT-1,2,Monocyte
ATCTGGGAAACCAC-1,2,Monocyte
ATCTGGGAAGTGTC-1,7,Monocyte
ATCTGGGATTCCGC-1,3,NK cell
ATCTGTTGAACGGG-1,0,T cell
ATCTGTTGACCTCC-1,0,T cell
ATCTGTTGCCTTCG-1,5,Dendritic
ATCTGTTGGTTGCA-1,0,T cell
ATCTTGACACCAAC-1,0,T cell
ATCTTGACCTCCCA-1,2,Monocyte
ATCTTTCTGCATCA-1,3,NK cell
ATCTTTCTGTTTCT-1,3,NK cell
ATCTTTCTTGTCCC-1,6,NK cell
ATGAAACTCTGTGA-1,3,NK cell
ATGAAACTGAGGCA-1,1,T cell
ATGAAGGAACAGCT-1,3,NK cell
ATGAAGGACCTGTC-1,4,B cell
ATGAAGGACCTTAT-1,4,B cell
ATGAAGGACTAGTG-1,4,B cell
ATGAAGGACTTGCC-1,6,NK cell
ATGACGTGACGACT-1,4,B cell
ATGACGTGATCGGT-1,5,Dendritic
ATGAGAGAAAGTGA-1,0,T cell
ATGAGAGAACGCAT-1,9,T cell
ATGAGAGAAGTAGA-1,4,B cell
ATGAGCACACAGCT-1,8,T cell
ATGAGCACATCTTC-1,1,T cell
ATGATAACTTCACT-1,6,NK cell
ATGATATGAAACAG-1,1,T cell
ATGATATGACTGGT-1,9,T cell
ATGATATGAGCACT-1,1,T cell
ATGATATGGTCATG-1,1,T cell
ATGATATGGTGCTA-1,6,NK cell
ATGATATGTTGTCT-1,7,Monocyte
ATGCACGAATGTCG-1,4,B cell
ATGCACGACTGTAG-1,0,T cell
ATGCACGAGAACCT-1,11,B cell
ATGCACGAGTTCGA-1,1,T cell
ATGCACGATTGGTG-1,5,Dendritic
ATGCAGTGTTACCT-1,4,B cell
ATGCAGTGTTCTAC-1,0,T cell
ATGCCAGAACGACT-1,0,T cell
ATGCCAGACAGTCA-1,2,Monocyte
ATGCCGCTTGAACC-1,7,Monocyte
ATGCGATGCTATGG-1,7,Monocyte
ATGCGATGCTGAGT-1,9,T cell
ATGCGATGGTTACG-1,11,B cell
ATGCGCCTTCATTC-1,1,T cell
ATGCTTTGCGAATC-1,0,T cell
ATGCTTTGGGCGAA-1,3,NK cell
ATGCTTTGTAGTCG-1,4,B cell
ATGGACACATCGGT-1,0,T cell
ATGGACACGCATCA-1,6,NK cell
ATGGGTACAACCTG-1,4,B cell
ATGGGTACATCGGT-1,6,NK cell
ATGGGTACTATTCC-1,0,T cell
ATGGGTACTGGGAG-1,0,T cell
ATGTAAACACCTCC-1,1,T cell
ATGTAAACCCGCTT-1,1,T cell
ATGTAAACGGGATG-1,13,Dendritic
ATGTAAACTCTCCG-1,10,T cell
ATGTAAACTTCACT-1,7,Monocyte
ATGTACCTCAGTCA-1,10,T cell
ATGTACCTTAGTCG-1,0,T cell
ATGTACCTTTATCC-1,2,Monocyte
ATGTACCTTTCACT-1,3,NK cell
ATGTCACTAATGCC-1,2,Monocyte
ATGTCACTCTGCTC-1,9,T cell
ATGTCGGAGGTGAG-1,1,T cell
ATGTTCACAGTCTG-1,7,Monocyte
ATGTTCACCGTAGT-1,0,T cell
ATGTTGCTTTCAGG-1,10,T cell
ATTAACGATGAGAA-1,6,NK cell
ATTAACGATGCAAC-1,3,NK cell
ATTAAGACTGCAGT-1,0,T cell
ATTACCTGCCTTAT-1,2,Monocyte
ATTACCTGGAGGAC-1,5,Dendritic
ATTACCTGGGCATT-1,4,B cell
ATTAGATGTTTCAC-1,8,T cell
ATTATGGAATCTCT-1,1,T cell
ATTCAAGAACGGGA-1,8,T cell
ATTCAAGACCTTTA-1,0,T cell
ATTCAGCTCATTGG-1,2,Monocyte
ATTCCAACCATTGG-1,2,Monocyte
ATTCCAACTTAGGC-1,6,NK cell
ATTCGACTCACTAG-1,10,T cell
ATTCGACTGAATAG-1,2,Monocyte
ATTCGACTTTTGTC-1,5,Dendritic
ATTCGGGAAAGGCG-1,7,Monocyte
ATTCGGGATTAGGC-1,0,T cell
ATTCTTCTGATACC-1,8,T cell
ATTGAATGGACGGA-1,9,T cell
ATTGATGAAGGTTC-1,1,T cell
ATTGATGACTGAGT-1,0,T cell
ATTGATGAGCGAAG-1,0,T cell
ATTGATGATCTATC-1,10,T cell
ATTGCACTGACGGA-1,8,T cell
ATTGCACTGAGAGC-1,5,Dendritic
ATTGCACTGGAGCA-1,2,Monocyte
ATTGCACTTAGCCA-1,0,T cell
ATTGCACTTGCTTT-1,5,Dendritic
ATTGCTTGTTACTC-1,11,B cell
ATTGGTCTGACTAC-1,11,B cell
ATTGGTCTTGTCTT-1,4,B cell
ATTGTAGATTCCCG-1,13,Dendritic
ATTGTAGATTGCAG-1,10,T cell
ATTGTCTGCGTACA-1,0,T cell
ATTTAGGAACCATG-1,5,Dendritic
ATTTAGGACAGAGG-1,0,T cell
ATTTCCGAGATGAA-1,0,T cell
ATTTCCGAGTGCTA-1,0,T cell
ATTTCGTGTATGGC-1,3,NK cell
ATTTCTCTACTTTC-1,5,Dendritic
ATTTCTCTAGCAAA-1,0,T cell
ATTTCTCTCACTTT-1,5,Dendritic
ATTTCTCTTCCCAC-1,1,T cell
ATTTGCACAAGATG-1,2,Monocyte
CAAAGCACAGCTCA-1,0,T cell
CAAAGCACCGTAAC-1,11,B cell
CAAAGCACGGTAAA-1,3,NK cell
CAAAGCTGAAAGTG-1,3,NK cell
CAAAGCTGTTGCTT-1,7,Monocyte
CAAATATGTGACAC-1,1,T cell
CAAATTGAGGGCAA-1,9,T cell
CAAATTGATGGAGG-1,2,Monocyte
CAACCAGAAAAGTG-1,8,T cell
CAACCAGAAGTGCT-1,10,T cell
CAACCAGAGTTCAG-1,7,Monocyte
CAACCAGATAGAAG-1,2,Monocyte
CAACCGCTGTTCAG-1,1,T cell
CAACCGCTTTGAGC-1,0,T cell
CAACGATGCGCAAT-1,5,Dendritic
CAACGTGACTCCAC-1,7,Monocyte
CAACGTGAGCCATA-1,3,NK cell
CAACGTGATCAAGC-1,2,Monocyte
CAAGAAGACCACAA-1,3,NK cell
CAAGAAGACGTCTC-1,7,Monocyte
CAAGAAGATTCTAC-1,1,T cell
CAAGACTGACCTGA-1,4,B cell
CAAGACTGAGTAGA-1,4,B cell
CAAGCTGACCATAG-1,5,Dendritic
CAAGCTGATCTATC-1,3,NK cell
CAAGGACTGTTCAG-1,8,T cell
CAAGGACTTCTTTG-1,3,NK cell
CAAGGTTGCTCCAC-1,0,T cell
CAAGGTTGTCATTC-1,4,B cell
CAAGGTTGTCTGGA-1,6,NK cell
CAAGTCGAAACAGA-1,4,B cell
CAAGTCGATAGCGT-1,2,Monocyte
CAATAAACGCCATA-1,2,Monocyte
CAATAATGAACTGC-1,2,Monocyte
CAATATGACATGGT-1,1,T cell
CAATATGACCTTCG-1,3,NK cell
CAATATGACGTTAG-1,9,T cell
CAATATGAGGAGCA-1,0,T cell
CAATCGGAGAAACA-1,0,T cell
CAATCTACTGACTG-1,6,NK cell
CAATTCACCCAACA-1,3,NK cell
CAATTCACGATAGA-1,0,T cell
CAATTCACTTGTGG-1,1,T cell
CAATTCTGCTTGTT-1,7,Monocyte
CAATTCTGGCGTAT-1,5,Dendritic
CACAACGATACGAC-1,8,T cell
CACAATCTTGTTCT-1,10,T cell
CACAATCTTTCCAT-1,12,T cell
CACACCTGCTTGAG-1,1,T cell
CACACCTGTATGGC-1,10,T cell
CACAGAACCCTTGC-1,4,B cell
CACAGAACCTGATG-1,0,T cell
CACAGATGGGATTC-1,3,NK cell
CACAGATGGTTTCT-1,2,Monocyte
CACAGCCTGATACC-1,10,T cell
CACAGCCTTGCCAA-1,5,Dendritic
CACAGCCTTGTAGC-1,1,T cell
CACAGTGATGAAGA-1,2,Monocyte
CACATACTACAGCT-1,3,NK cell
CACATGGAACACGT-1,1,T cell
CACATGGAAGTCGT-1,1,T cell
CACCACTGCCAACA-1,1,T cell
CACCACTGGCGAAG-1,6,NK cell
CACCCATGTTCTGT-1,3,NK cell
CACCGGGAATCGAC-1,0,T cell
CACCGGGACGAGAG-1,3,NK cell
CACCGGGACGTGTA-1,1,T cell
CACCGGGACTTCTA-1,10,T cell
CACCGGGACTTGCC-1,3,NK cell
CACCGGGATTCGGA-1,3,NK cell
CACCGTACTAAGGA-1,4,B cell
CACCGTACTAGCGT-1,1,T cell
CACCTGACACCCAA-1,3,NK cell
CACCTGACCAGAAA-1,0,T cell
CACCTGACCTCAAG-1,3,NK cell
CACCTGACGAAAGT-1,4,B cell
CACCTGACTCGTAG-1,1,T cell
CACGAAACTTCCGC-1,4,B cell
CACGACCTCGATAC-1,4,B cell
CACGCTACAGAAGT-1,9,T cell
CACGCTACTGTTCT-1,4,B cell
CACGCTACTTGACG-1,2,Monocyte
CACGGGACAGAGTA-1,1,T cell
CACGGGACATAAGG-1,1,T cell
CACGGGACGTAGGG-1,0,T cell
CACGGGTGCTTCGC-1,3,NK cell
CACGGGTGGAGGAC-1,6,NK cell
CACGGGTGTGTTTC-1,9,T cell
CACTAACTCCTAAG-1,4,B cell
CACTAACTGAAAGT-1,1,T cell
CACTAGGATGATGC-1,4,B cell
CACTATACCCCGTT-1,11,B cell
CACTATACGTTTGG-1,3,NK cell
CACTGAGACAGTCA-1,2,Monocyte
CACTGCACTTCATC-1,0,T cell
CACTGCTGAGACTC-1,5,Dendritic
CACTGCTGGAAAGT-1,0,T cell
CACTTAACCGAATC-1,0,T cell
CACTTAACCGTACA-1,4,B cell
CACTTTGACTCTAT-1,3,NK cell
CACTTTGAGCTGTA-1,3,NK cell
CAGAAGCTCTCAAG-1,8,T cell
CAGACATGAACGGG-1,1,T cell
CAGACATGTCGACA-1,0,T cell
CAGACCCTAAGGTA-1,5,Dendritic
CAGACCCTAATGCC-1,0,T cell
CAGACCCTAGGAGC-1,8,T cell
CAGACTGAGTATGC-1,1,T cell
CAGATCGAATGTCG-1,4,B cell
CAGATCGACCTGAA-1,12,T cell
CAGATCGATATGGC-1,9,T cell
CAGATGACATTCTC-1,6,NK cell
CAGCAATGCCTTCG-1,1,T cell
CAGCAATGGAGGGT-1,6,NK cell
CAGCAATGGTGCTA-1,1,T cell
CAGCAATGTCTACT-1,2,Monocyte
CAGCAATGTGACCA-1,0,T cell
CAGCAATGTGAGGG-1,2,Monocyte
CAGCACCTAAGCCT-1,9,T cell
CAGCACCTAGGCGA-1,10,T cell
CAGCACCTGTAGGG-1,2,Monocyte
CAGCATGACAACCA-1,7,Monocyte
CAGCATGAGACGTT-1,12,T cell
CAGCCTACCCAACA-1,0,T cell
CAGCCTTGCTACCC-1,2,Monocyte
CAGCCTTGGGGACA-1,10,T cell
CAGCGGACACCCTC-1,1,T cell
CAGCGGACCTTTAC-1,6,NK cell
CAGCGTCTAAAGCA-1,0,T cell
CAGCGTCTTATCGG-1,0,T cell
CAGCTAGATGTGAC-1,2,Monocyte
CAGCTCTGAGGCGA-1,0,T cell
CAGCTCTGCAAGCT-1,3,NK cell
CAGCTCTGTCGTAG-1,2,Monocyte
CAGCTCTGTGTGGT-1,6,NK cell
CAGGAACTAACTGC-1,3,NK cell
CAGGAACTCTCAGA-1,2,Monocyte
CAGGCCGAACACCA-1,1,T cell
CAGGCCGAACACGT-1,0,T cell
CAGGCCGAACGACT-1,9,T cell
CAGGCCGAATCTCT-1,5,Dendritic
CAGGCCGACTAGCA-1,4,B cell
CAGGGCACCATACG-1,4,B cell
CAGGGCACCCAACA-1,1,T cell
CAGGGCACTCCCGT-1,0,T cell
CAGGTAACAGACTC-1,5,Dendritic
CAGGTATGAGTCGT-1,0,T cell
CAGGTATGTGCTTT-1,0,T cell
CAGGTTGAGGATCT-1,11,B cell
CAGTGATGGACGGA-1,4,B cell
CAGTGATGGCTAAC-1,3,NK cell
CAGTGATGGGACAG-1,1,T cell
CAGTGATGTAAGGA-1,4,B cell
CAGTGATGTACGCA-1,4,B cell
CAGTGTGAACACGT-1,6,NK cell
CAGTGTGATGTCAG-1,1,T cell
CAGTTACTAAGGTA-1,11,B cell
CAGTTACTGATAGA-1,10,T cell
CAGTTGGAAAGAGT-1,5,Dendritic
CAGTTGGACATACG-1,1,T cell
CAGTTTACACACGT-1,3,NK cell
CAGTTTACCCCAAA-1,8,T cell
CATAAAACGGAGCA-1,2,Monocyte
CATAAATGAACTGC-1,1,T cell
CATAACCTTCTCCG-1,1,T cell
CATACTACCTCGAA-1,1,T cell
CATACTACCTGAAC-1,9,T cell
CATACTACGTACCA-1,5,Dendritic
CATACTTGGGTTAC-1,7,Monocyte
CATAGTCTAATCGC-1,10,T cell
CATAGTCTCACTTT-1,0,T cell
CATATAGACTAAGC-1,13,Dendritic
CATATAGATCAGGT-1,4,B cell
CATCAACTAGAAGT-1,0,T cell
CATCAACTCCCTCA-1,9,T cell
CATCAGGACTTCCG-1,6,NK cell
CATCAGGATAGCCA-1,6,NK cell
CATCAGGATCCTAT-1,5,Dendritic
CATCAGGATGCACA-1,5,Dendritic
CATCAGGATTTCGT-1,2,Monocyte
CATCATACCGCATA-1,7,Monocyte
CATCATACGGAGCA-1,4,B cell
CATCATACTCAAGC-1,8,T cell
CATCGCTGGGATCT-1,0,T cell
CATCGCTGTGGCAT-1,4,B cell
CATCGGCTATGCTG-1,1,T cell
CATCGGCTTTGGCA-1,10,T cell
CATCTCCTATGTGC-1,4,B cell
CATCTCCTCGAACT-1,2,Monocyte
CATGAGACACGGGA-1,4,B cell
CATGAGACGTTGAC-1,6,NK cell
CATGAGACTCGCCT-1,9,T cell
CATGCCACGGGTGA-1,3,NK cell
CATGCCACTGCCAA-1,0,T cell
CATGCGCTAGTCAC-1,5,Dendritic
CATGCGCTCAGATC-1,2,Monocyte
CATGCGCTTTGCAG-1,5,Dendritic
CATGGCCTAGGGTG-1,2,Monocyte
CATGGCCTGTGCAT-1,8,T cell
CATGTACTATCGTG-1,3,NK cell
CATGTTACAGTCGT-1,3,NK cell
CATGTTACCTGAGT-1,8,T cell
CATGTTTGGGGATG-1,2,Monocyte
CATTACACACGGAG-1,4,B cell
CATTACACCAACTG-1,6,NK cell
CATTACACGGAGTG-1,1,T cell
CATTACACTACTCT-1,10,T cell
CATTAGCTCCACAA-1,7,Monocyte
CATTGACTAGCGGA-1,2,Monocyte
CATTGGGACTCGAA-1,9,T cell
CATTGTACAGCGTT-1,8,T cell
CATTGTACTCGATG-1,11,B cell
CATTGTACTTATCC-1,9,T cell
CATTGTACTTTGCT-1,5,Dendritic
CATTGTTGCTAGTG-1,1,T cell
CATTTCGACTCTAT-1,3,NK cell
CATTTCGAGATACC-1,6,NK cell
CATTTGACCACACA-1,3,NK cell
CATTTGACCCTGAA-1,3,NK cell
CATTTGTGACGACT-1,11,B cell
CATTTGTGCATTGG-1,1,T cell
CATTTGTGCGGAGA-1,8,T cell
CATTTGTGGGATCT-1,11,B cell
CCAAAGTGCTACGA-1,2,Monocyte
CCAAAGTGTGAGAA-1,2,Monocyte
CCAACCTGAAGTAG-1,3,NK cell
CCAACCTGACGTAC-1,2,Monocyte
CCAACCTGTTCGCC-1,7,Monocyte
CCAAGAACCCAATG-1,10,T cell
CCAAGAACGTAGCT-1,0,T cell
CCAAGAACGTGTCA-1,0,T cell
CCAAGAACTACTGG-1,3,NK cell
CCAAGAACTCCTAT-1,4,B cell
CCAAGATGTCATTC-1,9,T cell
CCAAGATGTTTCAC-1,0,T cell
CCAAGTGAGGAACG-1,8,T cell
CCAAGTGATCAAGC-1,1,T cell
CCAATGGAACAGCT-1,2,Monocyte
CCAATTTGAACGTC-1,7,Monocyte
CCACCATGAACGTC-1,1,T cell
CCACCATGATCGGT-1,1,T cell
CCACCATGGACGAG-1,5,Dendritic
CCACCATGGGGAGT-1,1,T cell
CCACCATGTCCTGC-1,3,NK cell
CCACTGACCCGCTT-1,2,Monocyte
CCACTGTGGGAAGC-1,2,Monocyte
CCACTGTGTGTAGC-1,9,T cell
CCACTTCTCGGGAA-1,2,Monocyte
CCAGAAACCCTGTC-1,4,B cell
CCAGAAACGAACTC-1,0,T cell
CCAGAAACGGTCTA-1,1,T cell
CCAGACCTCTGAGT-1,2,Monocyte
CCAGACCTTGTGGT-1,9,T cell
CCAGCACTGCGATT-1,5,Dendritic
CCAGCGGAAAGGCG-1,2,Monocyte
CCAGCGGACGACTA-1,2,Monocyte
CCAGCGGATGGGAG-1,0,T cell
CCAGCTACACAGTC-1,1,T cell
CCAGCTACCAGCTA-1,4,B cell
CCAGGTCTACACCA-1,4,B cell
CCAGGTCTAGCATC-1,2,Monocyte
CCAGGTCTATGGTC-1,1,T cell
CCAGTCACACTGGT-1,2,Monocyte
CCAGTCACACTGTG-1,4,B cell
CCAGTCACGTTGTG-1,1,T cell
CCAGTCTGCGGAGA-1,11,B cell
CCAGTGCTAACCAC-1,1,T cell
CCAGTGCTCGTAGT-1,0,T cell
CCATCCGAAAGCAA-1,10,T cell
CCATCCGAACGACT-1,3,NK cell
CCATCCGAAGGTTC-1,4,B cell
CCATCCGATTCGCC-1,2,Monocyte
CCATCGTGAACGGG-1,0,T cell
CCATCGTGCTAGAC-1,5,Dendritic
CCCAACACCTCGCT-1,11,B cell
CCCAACACGCATCA-1,1,T cell
CCCAACACTTTGTC-1,7,Monocyte
CCCAACTGCAATCG-1,2,Monocyte
CCCAGACTGCCTTC-1,7,Monocyte
CCCAGACTGGTTTG-1,11,B cell
CCCAGACTTTCGCC-1,5,Dendritic
CCCAGTTGCAGTTG-1,7,Monocyte
CCCAGTTGGGTACT-1,10,T cell
CCCAGTTGTCTATC-1,4,B cell
CCCGATTGTGTTTC-1,10,T cell
CCCGGAGAAGGGTG-1,2,Monocyte
CCCTACGAATTGGC-1,2,Monocyte
CCCTAGTGCAAAGA-1,0,T cell
CCCTCAGACACTTT-1,4,B cell
CCCTCAGACGAGAG-1,1,T cell
CCCTCAGAGGTCAT-1,1,T cell
CCCTGAACTAAAGG-1,4,B cell
CCCTGATGCAACCA-1,0,T cell
CCCTGATGCAAGCT-1,4,B cell
CCCTTACTAACCAC-1,7,Monocyte
CCCTTACTGCAGTT-1,3,NK cell
CCGAAAACCTTGTT-1,5,Dendritic
CCGACACTGGTTTG-1,0,T cell
CCGACTACCCAGTA-1,7,Monocyte
CCGACTACCGTGTA-1,1,T cell
CCGACTACTGAGGG-1,3,NK cell
CCGATAGACCTAAG-1,1,T cell
CCGATAGAGTTGGT-1,7,Monocyte
CCGCGAGACACACA-1,2,Monocyte
CCGCGAGAGGTTCA-1,12,T cell
CCGCTATGGGACGA-1,4,B cell
CCGCTATGTGCAAC-1,7,Monocyte
CCGCTATGTGCACA-1,2,Monocyte
CCGGTACTGTCCTC-1,8,T cell
CCGTACACAAGCAA-1,9,T cell
CCGTACACAGCGTT-1,11,B cell
CCGTACACGTCATG-1,3,NK cell
CCGTACACGTTGGT-1,2,Monocyte
CCGTACACTAACGC-1,12,T cell
CCTAAACTTTCGTT-1,1,T cell
CCTAAGGACCCAAA-1,1,T cell
CCTAAGGACTAGCA-1,2,Monocyte
CCTAAGGAGGGCAA-1,12,T cell
CCTAAGGATGATGC-1,0,T cell
CCTAAGGATGTCAG-1,1,T cell
CCTACCGACTCTTA-1,1,T cell
CCTACCGAGGGATG-1,11,B cell
CCTAGAGAGGTGAG-1,4,B cell
CCTATAACCAAAGA-1,8,T cell
CCTATAACGAGACG-1,5,Dendritic
CCTATAACTCAGAC-1,1,T cell
CCTATAACTGCATG-1,5,Dendritic
CCTCGAACACTTTC-1,6,NK cell
CCTCGAACCCGTAA-1,5,Dendritic
CCTCGAACGTATCG-1,9,T cell
CCTCGAACTTACTC-1,0,T cell
CCTCTACTCTTCGC-1,7,Monocyte
CCTCTACTGGCATT-1,1,T cell
CCTGACTGAAGTAG-1,3,NK cell
CCTGACTGGGGAGT-1,8,T cell
CCTGACTGTGTCTT-1,4,B cell
CCTGCAACACGTTG-1,7,Monocyte
CCTGGACTCGTGAT-1,9,T cell
CCTTAATGCCCAAA-1,4,B cell
CCTTAATGTTCTAC-1,5,Dendritic
CCTTCACTACGACT-1,1,T cell
CCTTCACTCAGTCA-1,11,B cell
CCTTCACTGGAGTG-1,2,Monocyte
CCTTTAGATTCATC-1,7,Monocyte
CGAACATGCCCTAC-1,7,Monocyte
CGAACATGTCAGAC-1,0,T cell
CGAAGACTGGAACG-1,12,T cell
CGAAGACTGTTACG-1,0,T cell
CGAAGGGAAACCTG-1,3,NK cell
CGAAGGGATCCGAA-1,11,B cell
CGAAGTACCAACTG-1,4,B cell
CGAATCGAGGAGCA-1,2,Monocyte
CGAATCGAGGAGGT-1,1,T cell
CGACAAACCCATAG-1,9,T cell
CGACAAACCGACAT-1,11,B cell
CGACCACTAAAGTG-1,6,NK cell
CGACCACTGCCAAT-1,6,NK cell
CGACCGGAAGGTCT-1,1,T cell
CGACCGGATGGAAA-1,0,T cell
CGACCTTGCTAGTG-1,0,T cell
CGACCTTGGCAAGG-1,9,T cell
CGACGTCTATCGTG-1,12,T cell
CGACGTCTCGTGTA-1,9,T cell
CGACGTCTGAGGCA-1,9,T cell
CGACTCACGTCGTA-1,0,T cell
CGACTCACGTTGCA-1,3,NK cell
CGACTCTGTGTGAC-1,0,T cell
CGACTGCTTCCTCG-1,2,Monocyte
CGAGAACTAAGGCG-1,3,NK cell
CGAGAACTACGTTG-1,1,T cell
CGAGAACTTGTTCT-1,2,Monocyte
CGAGATTGGACACT-1,3,NK cell
CGAGATTGGCCATA-1,3,NK cell
CGAGCCGAACACCA-1,10,T cell
CGAGCCGACGACAT-1,12,T cell
CGAGCCGAGGCGAA-1,10,T cell
CGAGCGTGCTCCAC-1,3,NK cell
CGAGCGTGGATACC-1,0,T cell
CGAGCGTGTATGCG-1,2,Monocyte
CGAGGAGACCTCCA-1,4,B cell
CGAGGAGATGTCGA-1,1,T cell
CGAGGCACCTATGG-1,3,NK cell
CGAGGCACTATGCG-1,7,Monocyte
CGAGGCACTCTTCA-1,12,T cell
CGAGGCTGACGCTA-1,6,NK cell
CGAGGCTGGCAGTT-1,7,Monocyte
CGAGGGCTACGACT-1,4,B cell
CGAGGGCTCGAATC-1,8,T cell
CGAGTATGTCACCC-1,5,Dendritic
CGATACGAACAGTC-1,7,Monocyte
CGATACGACAGGAG-1,10,T cell
CGATACGATTCACT-1,4,B cell
CGATAGACCCGTAA-1,2,Monocyte
CGATAGACCGTACA-1,0,T cell
CGATAGACGTAGGG-1,2,Monocyte
CGATAGACTGTTCT-1,9,T cell
CGATCAGAAGAACA-1,3,NK cell
CGATCAGAGAGGGT-1,0,T cell
CGATCAGAGGTACT-1,0,T cell
CGATCAGATGTGAC-1,13,Dendritic
CGATCCACCGGGAA-1,12,T cell
CGATCCACTTCCAT-1,4,B cell
CGCAAATGCTCGAA-1,9,T cell
CGCAACCTCCTTGC-1,0,T cell
CGCAACCTGGACGA-1,0,T cell
CGCACGGAGGACGA-1,4,B cell
CGCACGGATCTTTG-1,8,T cell
CGCACTACAGAATG-1,9,T cell
CGCACTACAGCCAT-1,0,T cell
CGCACTACATTGGC-1,0,T cell
CGCACTACTCGCCT-1,4,B cell
CGCACTACTCGTGA-1,3,NK cell
CGCACTTGTCACGA-1,7,Monocyte
CGCAGGACAGATCC-1,3,NK cell
CGCAGGACCTACTT-1,1,T cell
CGCAGGACTTGTCT-1,5,Dendritic
CGCAGGTGCACTGA-1,10,T cell
CGCAGGTGCCATAG-1,5,Dendritic
CGCAGGTGGGAACG-1,0,T cell
CGCATAGATCACGA-1,2,Monocyte
CGCCATACTGCAAC-1,1,T cell
CGCCATTGAGAGGC-1,1,T cell
CGCCATTGCTATGG-1,10,T cell
CGCCATTGGAGACG-1,0,T cell
CGCCATTGGAGCAG-1,11,B cell
CGCCATTGTACTGG-1,4,B cell
CGCCGAGAGCTTAG-1,6,NK cell
CGCCTAACGAATGA-1,13,Dendritic
CGCCTAACTGCTCC-1,0,T cell
CGCGAGACACAGCT-1,3,NK cell
CGCGAGACAGGTCT-1,11,B cell
CGCGAGACGCTACA-1,10,T cell
CGCGATCTCAGTCA-1,7,Monocyte
CGCGATCTGTTGAC-1,2,Monocyte
CGCGATCTTTCTTG-1,11,B cell
CGCGGATGGCCAAT-1,0,T cell
CGCTAAGAATGTCG-1,0,T cell
CGCTAAGACAACTG-1,1,T cell
CGCTAAGACCCTTG-1,10,T cell
CGCTACTGAACAGA-1,7,Monocyte
CGCTACTGAGAACA-1,0,T cell
CGCTACTGTGAGCT-1,9,T cell
CGCTACTGTTCCCG-1,3,NK cell
CGCTCATGCATTTC-1,2,Monocyte
CGGAATTGCACTAG-1,1,T cell
CGGAATTGGTTTGG-1,0,T cell
CGGAATTGTGGAGG-1,0,T cell
CGGACCGATGCGTA-1,3,NK cell
CGGACCGATGGGAG-1,1,T cell
CGGACTCTAAACAG-1,4,B cell
CGGACTCTCCAATG-1,0,T cell
CGGACTCTCCTCGT-1,3,NK cell
CGGAGGCTATTCCT-1,8,T cell
CGGAGGCTTGGATC-1,8,T cell
CGGATAACAACGAA-1,2,Monocyte
CGGATAACAGCTCA-1,0,T cell
CGGATAACTCAGTG-1,2,Monocyte
CGGCACGAACTCAG-1,12,T cell
CGGCACGAAGGGTG-1,10,T cell
CGGCACGACTACGA-1,5,Dendritic
CGGCATCTTAGAAG-1,10,T cell
CGGCATCTTCGTAG-1,2,Monocyte
CGGCCAGAAAGGTA-1,9,T cell
CGGCCAGAGAGGCA-1,3,NK cell
CGGCGAACCAGTCA-1,5,Dendritic
CGGCGAACGACAAA-1,6,NK cell
CGGCGAACGGTCTA-1,10,T cell
CGGCGAACTACTTC-1,6,NK cell
CGGGACTGCGTGTA-1,10,T cell
CGGGACTGGAATAG-1,3,NK cell
CGGGCATGACCCAA-1,3,NK cell
CGGGCATGTCTCTA-1,6,NK cell
CGGGCATGTTGTGG-1,1,T cell
CGGTAAACTCGCAA-1,3,NK cell
CGGTCACTGTTTGG-1,0,T cell
CGGTCACTTACTTC-1,0,T cell
CGTAACGAATCAGC-1,9,T cell
CGTAACGATCGCCT-1,1,T cell
CGTACCACACACAC-1,0,T cell
CGTACCACACGTTG-1,1,T cell
CGTACCACCTCATT-1,1,T cell
CGTACCACGCTACA-1,12,T cell
CGTACCACGGAGCA-1,0,T cell
CGTACCTGGACGAG-1,5,Dendritic
CGTACCTGGCATCA-1,6,NK cell
CGTAGCCTCTCTCG-1,2,Monocyte
CGTAGCCTGCGAAG-1,0,T cell
CGTAGCCTGTATGC-1,5,Dendritic
CGTCAAGAAAGGTA-1,2,Monocyte
CGTCAAGAACGTGT-1,1,T cell
CGTCAAGACAGAGG-1,0,T cell
CGTCAAGACAGGAG-1,3,NK cell
CGTCCATGCTCTTA-1,0,T cell
CGTCGACTTTCCGC-1,12,T cell
CGTGATGACGCTAA-1,1,T cell
CGTGATGAGGTTCA-1,10,T cell
CGTGCACTTATGGC-1,7,Monocyte
CGTGTAGAAAAACG-1,0,T cell
CGTGTAGACGATAC-1,6,NK cell
CGTGTAGAGTTACG-1,6,NK cell
CGTGTAGAGTTCAG-1,2,Monocyte
CGTGTAGATTCGGA-1,6,NK cell
CGTTAGGAAACCAC-1,1,T cell
CGTTAGGATCATTC-1,7,Monocyte
CGTTATACCCTGAA-1,3,NK cell
CGTTTAACTGGTCA-1,0,T cell
CTAAACCTCTGACA-1,6,NK cell
CTAAACCTGTGCAT-1,11,B cell
CTAACACTAACGTC-1,0,T cell
CTAACACTAGTGCT-1,7,Monocyte
CTAACGGAACCGAT-1,6,NK cell
CTAACGGATTTCTG-1,1,T cell
CTAACTACGGCAAG-1,3,NK cell
CTAAGGACACCATG-1,1,T cell
CTAAGGACCGTTAG-1,10,T cell
CTAAGGACGCCATA-1,2,Monocyte
CTAAGGTGCCTAAG-1,4,B cell
CTAAGGTGTTGCAG-1,0,T cell
CTAAGGTGTTTCTG-1,3,NK cell
CTAATAGAGCTATG-1,8,T cell
CTAATGCTTGTGGT-1,2,Monocyte
CTACAACTCCCGTT-1,3,NK cell
CTACCTCTCAACCA-1,10,T cell
CTACGCACACCTAG-1,5,Dendritic
CTACGCACTCTCCG-1,0,T cell
CTACGCACTGGTCA-1,3,NK cell
CTACGGCTTTCTTG-1,7,Monocyte
CTACTATGAACCAC-1,7,Monocyte
CTACTATGATGTGC-1,2,Monocyte
CTACTATGCTAAGC-1,3,NK cell
CTACTATGTAAAGG-1,4,B cell
CTACTCCTATGTCG-1,6,NK cell
CTACTCCTGCCATA-1,2,Monocyte
CTAGAGACACTTTC-1,0,T cell
CTAGAGACAGCATC-1,3,NK cell
CTAGAGACTTTGGG-1,5,Dendritic
CTAGATCTCTCTAT-1,0,T cell
CTAGATCTTCGACA-1,0,T cell
CTAGGATGAGCCTA-1,11,B cell
CTAGGATGATCGTG-1,11,B cell
CTAGGCCTCTCAGA-1,0,T cell
CTAGGTGATGGTTG-1,5,Dendritic
CTAGTTACCAGAGG-1,0,T cell
CTAGTTACCGCATA-1,1,T cell
CTAGTTACGAAACA-1,6,NK cell
CTAGTTTGAGTACC-1,3,NK cell
CTATAAGATCGTTT-1,11,B cell
CTATACTGAGGTTC-1,2,Monocyte
CTATACTGCCAGTA-1,1,T cell
CTATACTGCGCTAA-1,2,Monocyte
CTATACTGCTACGA-1,6,NK cell
CTATACTGTCTCAT-1,6,NK cell
CTATACTGTTCGTT-1,7,Monocyte
CTATAGCTGTCACA-1,1,T cell
CTATAGCTTCGCTC-1,2,Monocyte
CTATAGCTTGCCTC-1,7,Monocyte
CTATCAACGAACTC-1,1,T cell
CTATCAACGCAGAG-1,10,T cell
CTATCAACTTTGGG-1,8,T cell
CTATCCCTCCACCT-1,2,Monocyte
CTATGTACGAGAGC-1,0,T cell
CTATGTACGCTTAG-1,9,T cell
CTATGTACTGTTTC-1,11,B cell
CTATGTTGAAAGCA-1,0,T cell
CTATGTTGTCCTCG-1,9,T cell
CTATGTTGTCTCGC-1,0,T cell
CTATTGACAAACGA-1,2,Monocyte
CTATTGACACTGGT-1,5,Dendritic
CTATTGACGGTGAG-1,5,Dendritic
CTATTGTGGCAAGG-1,10,T cell
CTCAATTGGTTCAG-1,0,T cell
CTCAATTGGTTGCA-1,2,Monocyte
CTCAGAGATAGAAG-1,1,T cell
CTCAGCACTCTAGG-1,10,T cell
CTCAGCACTGAACC-1,2,Monocyte
CTCAGCACTTGCAG-1,1,T cell
CTCAGCTGAACCTG-1,2,Monocyte
CTCAGCTGCAGTTG-1,3,NK cell
CTCAGCTGTTTCTG-1,3,NK cell
CTCAGGCTCGTTGA-1,5,Dendritic
CTCAGGCTGCTAAC-1,10,T cell
CTCATTGACCTTAT-1,0,T cell
CTCATTGATGCTTT-1,5,Dendritic
CTCATTGATTGCTT-1,2,Monocyte
CTCCACGAGAGATA-1,13,Dendritic
CTCCATCTCTTAGG-1,9,T cell
CTCCATCTGACGAG-1,0,T cell
CTCCGAACAAGTGA-1,5,Dendritic
CTCCTACTGCCTTC-1,2,Monocyte
CTCGAAGATGTGGT-1,8,T cell
CTCGAAGATTAGGC-1,7,Monocyte
CTCGACTGCTCTAT-1,9,T cell
CTCGACTGGGTGAG-1,1,T cell
CTCGACTGGTTGAC-1,6,NK cell
CTCGAGCTCTGGAT-1,3,NK cell
CTCGCATGACTTTC-1,10,T cell
CTCGCATGCTTAGG-1,0,T cell
CTCTAAACCTCGAA-1,1,T cell
CTCTAAACGGCGAA-1,8,T cell
CTCTAATGTCCAAG-1,7,Monocyte
CTGAACGACAGTCA-1,0,T cell
CTGAACGATGAGGG-1,0,T cell
CTGAAGACCCAACA-1,0,T cell
CTGAAGACGTGCAT-1,4,B cell
CTGAAGTGAAGCCT-1,5,Dendritic
CTGAAGTGCAGCTA-1,4,B cell
CTGAAGTGGCTATG-1,1,T cell
CTGAAGTGTCCAGA-1,0,T cell
CTGAATCTGAATAG-1,0,T cell
CTGACAGAATCGTG-1,3,NK cell
CTGACCACAGCAAA-1,1,T cell
CTGAGAACCGGGAA-1,0,T cell
CTGAGAACGTAAAG-1,6,NK cell
CTGATACTAGTAGA-1,9,T cell
CTGATTTGGTGTTG-1,2,Monocyte
CTGCAGCTAACCGT-1,8,T cell
CTGCAGCTGACACT-1,9,T cell
CTGCAGCTGGATTC-1,5,Dendritic
CTGCAGCTTGGCAT-1,12,T cell
CTGCCAACAGGAGC-1,3,NK cell
CTGCCAACCAGCTA-1,1,T cell
CTGCCAACTAACCG-1,5,Dendritic
CTGCCAACTGCTCC-1,3,NK cell
CTGCCAACTTGCAG-1,1,T cell
CTGCCAACTTGCTT-1,3,NK cell
CTGCGACTCCACCT-1,12,T cell
CTGGAAACAAACGA-1,3,NK cell
CTGGAAACATCGAC-1,1,T cell
CTGGATGACTGGAT-1,3,NK cell
CTGGATGACTTGTT-1,10,T cell
CTGGATGATGTGAC-1,4,B cell
CTGGCACTCAAGCT-1,2,Monocyte
CTGGCACTGGACAG-1,12,T cell
CTGTAACTAACCAC-1,10,T cell
CTGTAACTAGCGTT-1,9,T cell
CTGTATACGTAAAG-1,8,T cell
CTGTATACGTACGT-1,7,Monocyte
CTGTATACGTTGGT-1,9,T cell
CTGTGAGACAACCA-1,5,Dendritic
CTGTGAGACCTTGC-1,3,NK cell
CTGTGAGACGAACT-1,2,Monocyte
CTGTGAGACTGTAG-1,7,Monocyte
CTTAAAGAACCTGA-1,1,T cell
CTTAACACCTGTAG-1,1,T cell
CTTAACACGAGCTT-1,0,T cell
CTTAACACTATCGG-1,4,B cell
CTTAAGCTACCTAG-1,1,T cell
CTTAAGCTAGTACC-1,8,T cell
CTTAAGCTCATCAG-1,1,T cell
CTTAAGCTCCGCTT-1,11,B cell
CTTAAGCTTCCTCG-1,3,NK cell
CTTACAACTAACGC-1,1,T cell
CTTACAACTCCCGT-1,2,Monocyte
CTTACTGACGTACA-1,1,T cell
CTTAGACTAAACGA-1,0,T cell
CTTAGGGACTTGCC-1,0,T cell
CTTAGGGAGAATCC-1,1,T cell
CTTATCGACTCATT-1,0,T cell
CTTCACCTACCTGA-1,5,Dendritic
CTTCATGAAGCATC-1,4,B cell
CTTCATGAAGTACC-1,9,T cell
CTTCATGACCGAAT-1,12,T cell
CTTGAACTACGCAT-1,9,T cell
CTTGATTGAGGTTC-1,3,NK cell
CTTGATTGATCTTC-1,2,Monocyte
CTTGATTGCATTCT-1,0,T cell
CTTGATTGTTTCGT-1,0,T cell
CTTGTATGACACCA-1,4,B cell
CTTGTATGCGCAAT-1,4,B cell
CTTTACGAGCGAAG-1,1,T cell
CTTTAGACCGTGAT-1,1,T cell
CTTTAGACGAGACG-1,9,T cell
CTTTAGACGATACC-1,9,T cell
CTTTAGACGTTGGT-1,3,NK cell
CTTTAGACTCATTC-1,3,NK cell
CTTTAGTGACGGGA-1,6,NK cell
CTTTAGTGGGTGGA-1,1,T cell
CTTTCAGAGAAACA-1,0,T cell
CTTTGATGAGCACT-1,9,T cell
CTTTGATGTCTAGG-1,12,T cell
CTTTGATGTGTCCC-1,0,T cell
CTTTGATGTGTGGT-1,1,T cell
GAAACAGAACTACG-1,0,T cell
GAAACAGAATCACG-1,1,T cell
GAAACAGACATTCT-1,1,T cell
GAAACCTGATCGTG-1,8,T cell
GAAACCTGATGCCA-1,0,T cell
GAAACCTGCTTATC-1,0,T cell
GAAACCTGGACTAC-1,5,Dendritic
GAAACCTGTGCTAG-1,0,T cell
GAAAGATGATTTCC-1,0,T cell
GAAAGATGCTGATG-1,5,Dendritic
GAAAGATGCTTCGC-1,7,Monocyte
GAAAGATGTAAGGA-1,9,T cell
GAAAGATGTTTGCT-1,3,NK cell
GAAAGCCTACGTTG-1,4,B cell
GAAAGTGAAAGTGA-1,13,Dendritic
GAAAGTGACCACAA-1,7,Monocyte
GAAAGTGACTCAAG-1,0,T cell
GAAATACTACCAAC-1,2,Monocyte
GAAATACTCTTAGG-1,4,B cell
GAAATACTTCCTCG-1,0,T cell
GAACACACGTGCAT-1,7,Monocyte
GAACACACTGCCTC-1,1,T cell
GAACAGCTAACTGC-1,5,Dendritic
GAACAGCTCTCAGA-1,5,Dendritic
GAACCAACCACAAC-1,3,NK cell
GAACCAACTTCCGC-1,6,NK cell
GAACCTGAACGTGT-1,10,T cell
GAACCTGAGAGACG-1,0,T cell
GAACCTGATGAACC-1,0,T cell
GAACGGGATACTTC-1,1,T cell
GAACGTTGACGGAG-1,3,NK cell
GAACTGTGACCTGA-1,5,Dendritic
GAACTGTGCCAGTA-1,2,Monocyte
GAAGAATGCAATCG-1,8,T cell
GAAGCGGACCTATT-1,7,Monocyte
GAAGCTACGAATGA-1,7,Monocyte
GAAGCTACGGTTTG-1,0,T cell
GAAGGGTGAAAGTG-1,0,T cell
GAAGGGTGCTTAGG-1,2,Monocyte
GAAGGTCTGAAAGT-1,0,T cell
GAAGGTCTGTTGCA-1,8,T cell
GAAGGTCTTAAAGG-1,13,Dendritic
GAAGTAGACTCCCA-1,3,NK cell
GAAGTAGATCCAAG-1,5,Dendritic
GAAGTCACCCTCGT-1,2,Monocyte
GAAGTCACCCTGTC-1,4,B cell
GAAGTCTGTCGCAA-1,4,B cell
GAAGTCTGTTCTGT-1,1,T cell
GAAGTGCTAAACGA-1,6,NK cell
GAAGTGCTCCGCTT-1,7,Monocyte
GAAGTGCTTAACCG-1,0,T cell
GAATGCACCCTAAG-1,0,T cell
GAATGCACCTTCGC-1,6,NK cell
GAATGCTGCGGTAT-1,8,T cell
GAATGGCTAAGATG-1,9,T cell
GAATTAACGATAAG-1,1,T cell
GAATTAACGGTCAT-1,0,T cell
GAATTAACGTCGTA-1,6,NK cell
GAATTAACTGAAGA-1,11,B cell
GACAACACAGGCGA-1,1,T cell
GACAACACATCGTG-1,1,T cell
GACAACACTCGCCT-1,3,NK cell
GACAACTGAGGTTC-1,10,T cell
GACAGGGAAGAGTA-1,4,B cell
GACAGGGAATGCCA-1,10,T cell
GACAGTACGAGCTT-1,5,Dendritic
GACAGTACTTCGGA-1,5,Dendritic
GACAGTTGAGTAGA-1,4,B cell
GACATTCTCCACCT-1,13,Dendritic
GACCAAACGACTAC-1,2,Monocyte
GACCAAACGTATCG-1,7,Monocyte
GACCATGACTCTCG-1,2,Monocyte
GACCCTACTAAAGG-1,4,B cell
GACCTAGACCTCAC-1,8,T cell
GACCTAGACGAGAG-1,0,T cell
GACCTCACAAGGTA-1,8,T cell
GACCTCACGTACGT-1,7,Monocyte
GACCTCTGCATCAG-1,8,T cell
GACGAACTCCCACT-1,1,T cell
GACGATTGCCAATG-1,4,B cell
GACGCCGACCTTCG-1,0,T cell
GACGCTCTCTCTCG-1,2,Monocyte
GACGGCACACGGGA-1,6,NK cell
GACGGCACGAGATA-1,2,Monocyte
GACGTAACCTATGG-1,1,T cell
GACGTAACCTGTGA-1,10,T cell
GACGTAACTATGGC-1,0,T cell
GACGTATGTTGACG-1,8,T cell
GACGTATGTTTGCT-1,8,T cell
GACGTCCTACGGAG-1,0,T cell
GACGTCCTCTCAAG-1,2,Monocyte
GACGTCCTGATAAG-1,11,B cell
GACTACGATGGTCA-1,4,B cell
GACTCCTGCTCGCT-1,1,T cell
GACTCCTGGGTTAC-1,8,T cell
GACTCCTGTTATCC-1,0,T cell
GACTCCTGTTGGTG-1,2,Monocyte
GACTGAACAACCGT-1,4,B cell
GACTGAACCAATCG-1,2,Monocyte
GACTGATGTGATGC-1,8,T cell
GACTTTACATGCCA-1,1,T cell
GACTTTACGACAGG-1,11,B cell
GAGAAATGTTCTCA-1,4,B cell
GAGATAGAAAAAGC-1,7,Monocyte
GAGATCACGACAAA-1,5,Dendritic
GAGATGCTCTGGAT-1,12,T cell
GAGATGCTGAATGA-1,0,T cell
GAGCAGGATTCCCG-1,12,T cell
GAGCATACTTTGCT-1,7,Monocyte
GAGCGCACGCGTAT-1,2,Monocyte
GAGCGCACGGTGAG-1,12,T cell
GAGCGCTGAAGATG-1,6,NK cell
GAGCGCTGTCTTAC-1,2,Monocyte
GAGCGGCTGGGAGT-1,4,B cell
GAGGACGACTCAGA-1,3,NK cell
GAGGATCTGAAAGT-1,4,B cell
GAGGCAGACTTGCC-1,3,NK cell
GAGGGAACACCAGT-1,0,T cell
GAGGGAACGAGGGT-1,0,T cell
GAGGGATGGGAAAT-1,0,T cell
GAGGGCCTTCACCC-1,0,T cell
GAGGGTGAAGAGTA-1,9,T cell
GAGGTACTACGGTT-1,8,T cell
GAGGTACTACTCAG-1,2,Monocyte
GAGGTACTGACACT-1,6,NK cell
GAGGTACTGGGAGT-1,9,T cell
GAGGTACTTAGCGT-1,7,Monocyte
GAGGTGGAGTACGT-1,8,T cell
GAGGTGGATCCTCG-1,6,NK cell
GAGGTTACTCGTTT-1,7,Monocyte
GAGGTTTGTAAGCC-1,2,Monocyte
GAGTCAACCATTCT-1,9,T cell
GAGTCAACGGGAGT-1,9,T cell
GAGTCTGATCGTGA-1,10,T cell
GAGTCTGATTTGGG-1,4,B cell
GAGTGACTCAGCTA-1,0,T cell
GAGTGACTCGGTAT-1,3,NK cell
GAGTGACTCTTGCC-1,4,B cell
GAGTGACTGACTAC-1,4,B cell
GAGTGACTGTCTAG-1,1,T cell
GAGTGGGAGTCTTT-1,4,B cell
GAGTGGGATGCCCT-1,8,T cell
GAGTGGGATGCTGA-1,4,B cell
GAGTGTTGCTGTAG-1,0,T cell
GAGTGTTGTGGTCA-1,1,T cell
GAGTTGTGCATGGT-1,2,Monocyte
GAGTTGTGCTGAGT-1,3,NK cell
GAGTTGTGGCGAGA-1,2,Monocyte
GAGTTGTGGTAGCT-1,2,Monocyte
GAGTTGTGTATGCG-1,5,Dendritic
GATAAGGAGAAACA-1,2,Monocyte
GATAAGGATTCACT-1,2,Monocyte
GATACTCTATCGGT-1,1,T cell
GATACTCTTACTTC-1,8,T cell
GATACTCTTGACTG-1,2,Monocyte
GATAGAGAAGGGTG-1,3,NK cell
GATAGAGACTGTGA-1,0,T cell
GATAGAGATCACGA-1,13,Dendritic
GATAGCACCCATAG-1,0,T cell
GATAGCACGAAGGC-1,7,Monocyte
GATAGCACTTGTCT-1,8,T cell
GATATAACAAGGTA-1,0,T cell
GATATAACACGCAT-1,9,T cell
GATATATGCTGGAT-1,1,T cell
GATATATGTCCGTC-1,3,NK cell
GATATATGTGGAGG-1,7,Monocyte
GATATCCTAGAAGT-1,1,T cell
GATATCCTCCCGTT-1,2,Monocyte
GATATTGACAGGAG-1,12,T cell
GATATTGACGAGTT-1,5,Dendritic
GATATTGAGCCAAT-1,1,T cell
GATCCCTGACCTTT-1,6,NK cell
GATCCCTGTGTAGC-1,3,NK cell
GATCCGCTGGTCAT-1,2,Monocyte
GATCGAACCGAGAG-1,10,T cell
GATCGATGACTAGC-1,11,B cell
GATCGATGGTAAAG-1,4,B cell
GATCGATGTAAGGA-1,2,Monocyte
GATCGTGACACTAG-1,1,T cell
GATCGTGATTCACT-1,0,T cell
GATCTACTGGTGAG-1,10,T cell
GATCTACTTTGCAG-1,4,B cell
GATCTTACACCCAA-1,5,Dendritic
GATCTTACCCTACC-1,0,T cell
GATCTTACGAATAG-1,2,Monocyte
GATCTTACGAGATA-1,2,Monocyte
GATGCAACTCCAGA-1,1,T cell
GATGCCCTACGTAC-1,10,T cell
GATGCCCTCTCATT-1,1,T cell
GATGCCCTGGCAAG-1,2,Monocyte
GATGCCCTTTTGCT-1,9,T cell
GATTACCTTGTTCT-1,8,T cell
GATTCGGAACGACT-1,8,T cell
GATTCGGACAGGAG-1,7,Monocyte
GATTCGGAGAAGGC-1,5,Dendritic
GATTCTTGATTCGG-1,7,Monocyte
GATTCTTGCCGATA-1,10,T cell
GATTCTTGCGAGTT-1,4,B cell
GATTGGACCCGTTC-1,11,B cell
GATTGGACGGTGTT-1,4,B cell
GATTGGACTTTCGT-1,4,B cell
GATTGGTGTGTCAG-1,0,T cell
GATTTAGACACTCC-1,5,Dendritic
GATTTAGACTAAGC-1,11,B cell
GATTTAGATTCGTT-1,2,Monocyte
GATTTGCTAACGAA-1,1,T cell
GATTTGCTAACGGG-1,2,Monocyte
GCAACCCTCCTCGT-1,2,Monocyte
GCAACTGATTGCGA-1,8,T cell
GCAAGACTACTGGT-1,0,T cell
GCAAGACTAGGTCT-1,0,T cell
GCAAGACTCCCTTG-1,1,T cell
GCAATCGACTGCAA-1,3,NK cell
GCAATCGAGACGTT-1,5,Dendritic
GCAATCGATCCTTA-1,7,Monocyte
GCAATTCTCGTGTA-1,0,T cell
GCAATTCTTCTCCG-1,0,T cell
GCACAAACAATGCC-1,12,T cell
GCACAAACGGTACT-1,0,T cell
GCACAATGGTGCAT-1,7,Monocyte
GCACACCTGTGCTA-1,6,NK cell
GCACCACTCATGAC-1,7,Monocyte
GCACCACTGTTTGG-1,2,Monocyte
GCACCACTTCCTTA-1,6,NK cell
GCACCACTTTCGGA-1,2,Monocyte
GCACCTACGCGATT-1,0,T cell
GCACCTTGGCTGTA-1,9,T cell
GCACCTTGGGGAGT-1,5,Dendritic
GCACGGACCAGCTA-1,10,T cell
GCACGGTGACCTCC-1,1,T cell
GCACGGTGCTATGG-1,2,Monocyte
GCACTAGAACGGGA-1,0,T cell
GCACTAGAAGATGA-1,4,B cell
GCACTAGACCTTTA-1,5,Dendritic
GCACTAGACGTAAC-1,4,B cell
GCACTAGAGTCGTA-1,6,NK cell
GCACTAGATGCAAC-1,0,T cell
GCACTGCTGAGGCA-1,3,NK cell
GCAGATACAGCGTT-1,12,T cell
GCAGATACGACGGA-1,1,T cell
GCAGATACGCAGAG-1,0,T cell
GCAGCCGACAGTCA-1,8,T cell
GCAGCGTGCACTCC-1,1,T cell
GCAGCTCTCAATCG-1,1,T cell
GCAGCTCTGTTTCT-1,0,T cell
GCAGGGCTAAGAAC-1,9,T cell
GCAGGGCTAAGGGC-1,1,T cell
GCAGGGCTATCGAC-1,6,NK cell
GCAGGGCTTGGGAG-1,12,T cell
GCAGTCCTAACTGC-1,9,T cell
GCAGTCCTCTCTTA-1,1,T cell
GCATCAGATGCGTA-1,12,T cell
GCATGTGACAAGCT-1,1,T cell
GCATTGGAGAAGGC-1,0,T cell
GCCAAAACGAGGCA-1,3,NK cell
GCCAAATGATCGAC-1,10,T cell
GCCAACCTACGGTT-1,1,T cell
GCCAACCTCGCCTT-1,9,T cell
GCCACGGAGGCGAA-1,2,Monocyte
GCCACGGATACTGG-1,8,T cell
GCCACTACCTACTT-1,4,B cell
GCCACTACGTCTTT-1,9,T cell
GCCCAACTACCGAT-1,8,T cell
GCCCAACTATGGTC-1,3,NK cell
GCCCATACAGCGTT-1,3,NK cell
GCCGACGAACTCTT-1,7,Monocyte
GCCGAGTGCGTTGA-1,0,T cell
GCCGGAACGAACTC-1,3,NK cell
GCCGGAACGTTCTT-1,6,NK cell
GCCGGAACTGCACA-1,6,NK cell
GCCGGAACTTACTC-1,1,T cell
GCCGTACTACCTGA-1,8,T cell
GCCGTACTGGCAAG-1,2,Monocyte
GCCTACACAGTTCG-1,6,NK cell
GCCTACACCACTGA-1,5,Dendritic
GCCTACACCTTGAG-1,1,T cell
GCCTAGCTACGGAG-1,4,B cell
GCCTAGCTCTATTC-1,0,T cell
GCCTAGCTTCTCAT-1,9,T cell
GCCTAGCTTCTCTA-1,5,Dendritic
GCCTCAACCATGGT-1,10,T cell
GCCTCAACTCTTTG-1,3,NK cell
GCCTCATGTCTTAC-1,12,T cell
GCCTGACTCTCAAG-1,2,Monocyte
GCGAAGGAACTCTT-1,3,NK cell
GCGAAGGAGAGCTT-1,3,NK cell
GCGAAGGATGCCAA-1,8,T cell
GCGAGAGAGGGACA-1,0,T cell
GCGAGCACTGTCGA-1,4,B cell
GCGAGCACTTGACG-1,8,T cell
GCGAGCACTTGCTT-1,7,Monocyte
GCGATATGGTACGT-1,1,T cell
GCGATATGGTGTTG-1,9,T cell
GCGCACGAAGTCGT-1,8,T cell
GCGCACGACTTTAC-1,2,Monocyte
GCGCATCTAGGTCT-1,1,T cell
GCGCATCTGGTTAC-1,2,Monocyte
GCGCATCTTCGATG-1,8,T cell
GCGCATCTTGCTCC-1,6,NK cell
GCGCATCTTTCTAC-1,1,T cell
GCGCGAACGTTCTT-1,11,B cell
GCGCGATGAACGGG-1,1,T cell
GCGCGATGGTGCAT-1,6,NK cell
GCGGAGCTCCTGAA-1,1,T cell
GCGGCAACCCGATA-1,0,T cell
GCGGCAACGGAGGT-1,4,B cell
GCGGCAACTGTCGA-1,2,Monocyte
GCGTAAACACGGTT-1,13,Dendritic
GCGTAATGCACCAA-1,5,Dendritic
GCGTATGAACACCA-1,9,T cell
GCGTATGATGAGAA-1,7,Monocyte
GCTACAGAAAGGTA-1,0,T cell
GCTACAGAATCTTC-1,4,B cell
GCTACAGATCTTAC-1,0,T cell
GCTACCTGAGAAGT-1,2,Monocyte
GCTACCTGATCACG-1,1,T cell
GCTACGCTAGAATG-1,8,T cell
GCTACGCTAGCTAC-1,10,T cell
GCTACGCTCCCTAC-1,0,T cell
GCTAGAACAGAGGC-1,4,B cell
GCTAGAACGGATCT-1,0,T cell
GCTAGAACTCCCGT-1,9,T cell
GCTAGATGAGCTCA-1,2,Monocyte
GCTAGATGGCGATT-1,3,NK cell
GCTATACTAAGGCG-1,0,T cell
GCTATACTAGCGTT-1,3,NK cell
GCTATACTCTCTTA-1,8,T cell
GCTATACTGGACGA-1,0,T cell
GCTCAAGAACCATG-1,5,Dendritic
GCTCAAGAAGTCAC-1,5,Dendritic
GCTCAGCTGTCTAG-1,1,T cell
GCTCCATGAGAAGT-1,3,NK cell
GCTCCATGCCGAAT-1,1,T cell
GCTCGACTCTAGTG-1,2,Monocyte
GCTGATGAGGTATC-1,2,Monocyte
GCTTAACTACAGTC-1,2,Monocyte
GCTTAACTACTGGT-1,3,NK cell
GCTTAACTGCTGAT-1,1,T cell
GCTTAACTTAGACC-1,2,Monocyte
GCTTAACTTCAGTG-1,0,T cell
GGAACACTCACTTT-1,2,Monocyte
GGAACACTTCAGAC-1,2,Monocyte
GGAACTACTACTTC-1,0,T cell
GGAACTTGAAGGTA-1,7,Monocyte
GGAACTTGAGAATG-1,3,NK cell
GGAACTTGCTCCAC-1,7,Monocyte
GGAACTTGGGTAGG-1,4,B cell
GGAAGGACATCGGT-1,2,Monocyte
GGAAGGACCACTAG-1,10,T cell
GGAAGGACGAGGGT-1,0,T cell
GGAAGGACGCGAAG-1,3,NK cell
GGAAGGTGGCGAGA-1,6,NK cell
GGAATCTGAAGGGC-1,0,T cell
GGAATCTGAGGAGC-1,0,T cell
GGAATCTGCTTAGG-1,4,B cell
GGAATCTGCTTGTT-1,2,Monocyte
GGAATCTGGGAGGT-1,1,T cell
GGAATGCTTTCTAC-1,1,T cell
GGACAGGAAAGGGC-1,12,T cell
GGACAGGAGTGCTA-1,4,B cell
GGACAGGATCTCGC-1,0,T cell
GGACCCGAAGCTAC-1,2,Monocyte
GGACCGTGCTTACT-1,2,Monocyte
GGACCGTGGGAACG-1,13,Dendritic
GGACCGTGTAACGC-1,0,T cell
GGACCTCTGTAAGA-1,2,Monocyte
GGACCTCTTTTCTG-1,3,NK cell
GGACGAGAGTGTCA-1,2,Monocyte
GGACGCTGACGCAT-1,12,T cell
GGACGCTGCTAGCA-1,1,T cell
GGACGCTGTCCTCG-1,6,NK cell
GGAGAGACGTGAGG-1,11,B cell
GGAGCAGATTCAGG-1,4,B cell
GGAGCCACCTTCTA-1,11,B cell
GGAGCGCTACGCAT-1,7,Monocyte
GGAGCGCTCCGAAT-1,0,T cell
GGAGGATGCCACCT-1,8,T cell
GGAGGATGGTTGAC-1,7,Monocyte
GGAGGATGTCAGTG-1,2,Monocyte
GGAGGCCTCGTTGA-1,6,NK cell
GGAGGCCTTTCTTG-1,1,T cell
GGAGGTGATACGCA-1,0,T cell
GGAGGTGATCGCTC-1,0,T cell
GGATACTGCAGCTA-1,0,T cell
GGATACTGTCTAGG-1,0,T cell
GGATAGCTCGTCTC-1,0,T cell
GGATAGCTCTGAAC-1,3,NK cell
GGATGTACCAAAGA-1,4,B cell
GGATGTACGCGAAG-1,9,T cell
GGATGTACGTCTTT-1,2,Monocyte
GGATGTACGTGTCA-1,3,NK cell
GGATTTCTAGGTTC-1,0,T cell
GGATTTCTTTGTCT-1,7,Monocyte
GGCAAGGAAAAAGC-1,6,NK cell
GGCAAGGAAGAAGT-1,1,T cell
GGCAAGGACTTGGA-1,7,Monocyte
GGCAAGGAGGACTT-1,1,T cell
GGCAATACGCTAAC-1,4,B cell
GGCAATACGGCATT-1,3,NK cell
GGCAATACGTTTCT-1,4,B cell
GGCACGTGGCTTAG-1,5,Dendritic
GGCACGTGTGAGAA-1,11,B cell
GGCACTCTTTTGTC-1,0,T cell
GGCATATGCTTATC-1,6,NK cell
GGCATATGGGGAGT-1,2,Monocyte
GGCATATGTGTGAC-1,1,T cell
GGCCACGACAGAGG-1,9,T cell
GGCCAGACTGGTTG-1,0,T cell
GGCCCAGAAAGTAG-1,7,Monocyte
GGCCGAACAACGAA-1,9,T cell
GGCCGAACGCAGAG-1,9,T cell
GGCCGAACGTAGGG-1,1,T cell
GGCCGAACTCTAGG-1,6,NK cell
GGCCGATGCAGGAG-1,0,T cell
GGCCGATGCCGAAT-1,0,T cell
GGCCGATGTACTCT-1,12,T cell
GGCGACACTGCCCT-1,6,NK cell
GGCGACTGCGTAAC-1,0,T cell
GGCGCATGCCTAAG-1,5,Dendritic
GGCGCATGCTCCAC-1,1,T cell
GGCGCATGTGGAAA-1,9,T cell
GGCGGACTAGAGGC-1,0,T cell
GGCGGACTAGGAGC-1,12,T cell
GGCGGACTCTGACA-1,1,T cell
GGCGGACTCTTGGA-1,3,NK cell
GGCGGACTTACTGG-1,8,T cell
GGCGGACTTGAACC-1,0,T cell
GGCTAAACACCTGA-1,6,NK cell
GGCTAAACTCTTAC-1,1,T cell
GGCTAATGAGCACT-1,3,NK cell
GGCTAATGGTCTAG-1,1,T cell
GGCTCACTACTCAG-1,7,Monocyte
GGGAACGAAGCTCA-1,5,Dendritic
GGGAACGACACAAC-1,4,B cell
GGGAACGAGTGTCA-1,2,Monocyte
GGGAAGTGTTGAGC-1,2,Monocyte
GGGACCACACGTTG-1,3,NK cell
GGGACCACAGAACA-1,1,T cell
GGGACCACGAATAG-1,0,T cell
GGGACCACGTCATG-1,8,T cell
GGGACCACTCAAGC-1,8,T cell
GGGACCACTCGTGA-1,1,T cell
GGGACCACTGCATG-1,1,T cell
GGGACCTGACCCTC-1,2,Monocyte
GGGACCTGCTTGCC-1,1,T cell
GGGACCTGTGGAGG-1,4,B cell
GGGATGGACGACAT-1,11,B cell
GGGATGGATACTTC-1,0,T cell
GGGATGGATGGTTG-1,7,Monocyte
GGGATTACGTCTAG-1,10,T cell
GGGCAAGATGCATG-1,2,Monocyte
GGGCACACGGTGAG-1,7,Monocyte
GGGCACACGTTGCA-1,10,T cell
GGGCAGCTTGGGAG-1,12,T cell
GGGCAGCTTTTCTG-1,1,T cell
GGGCCAACCTTGGA-1,13,Dendritic
GGGCCAACGCGTTA-1,11,B cell
GGGCCAACTACGCA-1,2,Monocyte
GGGCCAACTCCAAG-1,4,B cell
GGGCCATGATGGTC-1,10,T cell
GGGCCATGTTGACG-1,0,T cell
GGGTAACTCAGCTA-1,1,T cell
GGGTAACTCTAGTG-1,4,B cell
GGGTAACTCTGGAT-1,9,T cell
GGGTTAACGTGCAT-1,6,NK cell
GGTAAAGAGCTAAC-1,3,NK cell
GGTACAACTGCAAC-1,0,T cell
GGTACATGAAAGCA-1,4,B cell
GGTACATGAGCTCA-1,10,T cell
GGTACATGCGGTAT-1,9,T cell
GGTACATGGTTACG-1,10,T cell
GGTACATGTGGGAG-1,0,T cell
GGTACTGAACTCTT-1,2,Monocyte
GGTAGTACACCACA-1,12,T cell
GGTAGTACACTAGC-1,2,Monocyte
GGTAGTACCCTGTC-1,8,T cell
GGTAGTACGCCATA-1,2,Monocyte
GGTAGTACTGTCTT-1,3,NK cell
GGTATCGAGACAAA-1,2,Monocyte
GGTATCGATGAACC-1,4,B cell
GGTCAAACCAAAGA-1,1,T cell
GGTCTAGAGAAACA-1,2,Monocyte
GGTCTAGATAGCGT-1,7,Monocyte
GGTGATACCGACTA-1,4,B cell
GGTGATACGACTAC-1,2,Monocyte
GGTGATACTGTTTC-1,1,T cell
GGTGGAGAAACGGG-1,6,NK cell
GGTGGAGAAGTAGA-1,1,T cell
GGTGGAGACAGATC-1,6,NK cell
GGTGGAGATCGATG-1,0,T cell
GGTGGAGATCTCTA-1,2,Monocyte
GGTGGAGATTACTC-1,3,NK cell
GGTTTACTACGCAT-1,12,T cell
GTAACGTGACCTCC-1,7,Monocyte
GTAACGTGATCGGT-1,4,B cell
GTAACGTGCAGCTA-1,4,B cell
GTAACGTGGTTGAC-1,11,B cell
GTAAGCACAACGGG-1,1,T cell
GTAAGCACTCATTC-1,4,B cell
GTAAGCTGGTACCA-1,2,Monocyte
GTAATAACCTTCTA-1,2,Monocyte
GTAATAACGTTGTG-1,8,T cell
GTACCCTGACAGTC-1,5,Dendritic
GTACCCTGGAGCTT-1,1,T cell
GTACCCTGTCCTTA-1,3,NK cell
GTACCCTGTGAACC-1,10,T cell
GTACGTGAACGTTG-1,3,NK cell
GTACTTTGTCGACA-1,12,T cell
GTAGACTGAGATGA-1,2,Monocyte
GTAGACTGTATTCC-1,9,T cell
GTAGCAACAGTCGT-1,2,Monocyte
GTAGCAACCATTTC-1,11,B cell
GTAGCAACGGTAGG-1,2,Monocyte
GTAGCATGCACTCC-1,4,B cell
GTAGCATGTAAGCC-1,2,Monocyte
GTAGCCCTGACGTT-1,8,T cell
GTAGCTGAAGCTAC-1,5,Dendritic
GTAGCTGAATTCGG-1,0,T cell
GTAGGTACACGGGA-1,2,Monocyte
GTAGTGACCTCATT-1,1,T cell
GTAGTGTGAGCGGA-1,6,NK cell
GTAGTGTGAGGCGA-1,2,Monocyte
GTAGTGTGTGGTTG-1,8,T cell
GTATCACTGGTAGG-1,2,Monocyte
GTATCTACAGAAGT-1,3,NK cell
GTATCTACGACGAG-1,3,NK cell
GTATCTACGTTACG-1,0,T cell
GTATTAGAAACAGA-1,0,T cell
GTATTAGAGGTCTA-1,3,NK cell
GTATTCACACAGCT-1,8,T cell
GTATTCACGGGTGA-1,3,NK cell
GTCAACGACACTGA-1,0,T cell
GTCAACGAGTGTAC-1,5,Dendritic
GTCAACGATCAGGT-1,3,NK cell
GTCAATCTACACCA-1,3,NK cell
GTCAATCTGTAGCT-1,12,T cell
GTCAATCTTGTGGT-1,1,T cell
GTCACCTGCCTCCA-1,0,T cell
GTCACCTGTCCCGT-1,8,T cell
GTCATACTAATCGC-1,11,B cell
GTCATACTGCGATT-1,3,NK cell
GTCATACTTCGCCT-1,2,Monocyte
GTCATACTTTACCT-1,3,NK cell
GTCATACTTTGACG-1,1,T cell
GTCCAAGAAAAACG-1,1,T cell
GTCCACTGACCTCC-1,8,T cell
GTCCACTGGGTACT-1,5,Dendritic
GTCCAGCTACGGGA-1,1,T cell
GTCCCATGTGGTGT-1,7,Monocyte
GTCGAATGAAGGCG-1,7,Monocyte
GTCGACCTGAATGA-1,6,NK cell
GTCGACCTGTTCAG-1,10,T cell
GTCGCACTTGAGAA-1,11,B cell
GTCTAACTGGTCTA-1,5,Dendritic
GTCTAGGAGCTTCC-1,2,Monocyte
GTGAACACACTCTT-1,1,T cell
GTGAACACAGATCC-1,3,NK cell
GTGAACACTCAGGT-1,9,T cell
GTGACCCTTAAGCC-1,3,NK cell
GTGATGACAAGTGA-1,10,T cell
GTGATGACCTGAGT-1,4,B cell
GTGATGACGGTTTG-1,3,NK cell
GTGATTCTCATTTC-1,0,T cell
GTGATTCTCTCTCG-1,2,Monocyte
GTGATTCTGGTTCA-1,6,NK cell
GTGATTCTGTCGAT-1,1,T cell
GTGATTCTTAGCGT-1,4,B cell
GTGCCACTCAGGAG-1,1,T cell
GTGGATTGCACTAG-1,5,Dendritic
GTGGATTGCGGAGA-1,0,T cell
GTGGATTGTAACGC-1,1,T cell
GTGTACGATCAGTG-1,1,T cell
GTGTAGTGGGTACT-1,0,T cell
GTGTATCTAGCCTA-1,4,B cell
GTGTATCTAGTAGA-1,3,NK cell
GTGTATCTGTTACG-1,11,B cell
GTGTCAGAAGCGTT-1,3,NK cell
GTGTCAGAATGCTG-1,9,T cell
GTTAAAACCGAGAG-1,6,NK cell
GTTAAAACTTCGCC-1,10,T cell
GTTAAATGCTCGAA-1,10,T cell
GTTAAATGTCGACA-1,4,B cell
GTTAACCTAGCTAC-1,10,T cell
GTTAACCTTGCTTT-1,13,Dendritic
GTTAGGTGCACTCC-1,9,T cell
GTTAGGTGCCAGTA-1,2,Monocyte
GTTAGGTGCCCAAA-1,5,Dendritic
GTTAGGTGGAACTC-1,4,B cell
GTTAGTCTAAGAAC-1,12,T cell
GTTATAGAGGACAG-1,3,NK cell
GTTATGCTTTCATC-1,1,T cell
GTTCAACTGGGACA-1,6,NK cell
GTTCAACTTATGCG-1,8,T cell
GTTGACGAGCCCTT-1,3,NK cell
GTTGACGATATCGG-1,6,NK cell
GTTGAGTGGTCTTT-1,7,Monocyte
GTTGAGTGTGCTTT-1,0,T cell
GTTGATCTGGGACA-1,9,T cell
GTTGATCTTTTCAC-1,3,NK cell
GTTGGATGTTTACC-1,5,Dendritic
GTTGTACTATTCCT-1,7,Monocyte
GTTGTACTTTTGGG-1,8,T cell
GTTTAAGACCATGA-1,7,Monocyte
GTTTAAGACTGTCC-1,3,NK cell
TAAACAACCAACCA-1,0,T cell
TAAACAACGAATCC-1,11,B cell
TAAAGACTCAGGAG-1,10,T cell
TAAATCGATGAGGG-1,0,T cell
TAACAATGTGCCCT-1,4,B cell
TAACACCTTCGCTC-1,7,Monocyte
TAACACCTTCGTAG-1,2,Monocyte
TAACACCTTGTTTC-1,2,Monocyte
TAACATGACACTAG-1,4,B cell
TAACCGGACTTACT-1,1,T cell
TAACGTCTCAACCA-1,2,Monocyte
TAACGTCTCATTGG-1,1,T cell
TAACTAGAATTTCC-1,0,T cell
TAACTAGACTTAGG-1,0,T cell
TAACTAGATCTGGA-1,1,T cell
TAACTCACGAGGAC-1,2,Monocyte
TAACTCACGTACAC-1,4,B cell
TAACTCACGTATCG-1,2,Monocyte
TAACTCACTCTACT-1,6,NK cell
TAAGAACTGTGTCA-1,2,Monocyte
TAAGAGGACTAAGC-1,11,B cell
TAAGAGGACTTGTT-1,6,NK cell
TAAGATACCCACAA-1,8,T cell
TAAGATACGGTTCA-1,2,Monocyte
TAAGATTGCGTAGT-1,1,T cell
TAAGATTGTTGCTT-1,0,T cell
TAAGCGTGAGGTTC-1,2,Monocyte
TAAGCGTGGACAAA-1,5,Dendritic
TAAGCGTGGGAAAT-1,1,T cell
TAAGCGTGTGCTCC-1,5,Dendritic
TAAGGCTGCCATGA-1,10,T cell
TAAGGCTGCTGCTC-1,1,T cell
TAAGGCTGTCTCGC-1,7,Monocyte
TAAGGGCTGCTGTA-1,10,T cell
TAAGGGCTTTACTC-1,10,T cell
TAAGTAACCGAGAG-1,4,B cell
TAAGTAACCTCCAC-1,4,B cell
TAAGTAACCTGTAG-1,0,T cell
TAAGTAACTTGTCT-1,3,NK cell
TAATGATGAGCGGA-1,1,T cell
TAATGCCTCATGAC-1,0,T cell
TAATGCCTCGTCTC-1,6,NK cell
TAATGTGAAGATGA-1,1,T cell
TAATGTGACTGCAA-1,7,Monocyte
TAATGTGATTACTC-1,3,NK cell
TACAAATGGGTACT-1,0,T cell
TACAATGAAAACAG-1,2,Monocyte
TACAATGACTTAGG-1,0,T cell
TACAATGATGCTAG-1,3,NK cell
TACACACTCACACA-1,1,T cell
TACACACTCTTACT-1,0,T cell
TACATAGAACGCAT-1,3,NK cell
TACATCACACGGGA-1,1,T cell
TACATCACCTGTTT-1,5,Dendritic
TACATCACGCTAAC-1,4,B cell
TACATCACTGAACC-1,5,Dendritic
TACCATTGAGGTTC-1,1,T cell
TACCATTGCGGGAA-1,2,Monocyte
TACCATTGGGGATG-1,2,Monocyte
TACCATTGTGAGGG-1,7,Monocyte
TACCGGCTGTTGGT-1,8,T cell
TACGAGTGATCTCT-1,10,T cell
TACGAGTGATGCTG-1,5,Dendritic
TACGAGTGCGGAGA-1,0,T cell
TACGAGTGGTTGGT-1,0,T cell
TACGATCTAGTGTC-1,1,T cell
TACGATCTCACTGA-1,7,Monocyte
TACGATCTTACGAC-1,3,NK cell
TACGCAGACGTCTC-1,4,B cell
TACGCAGAGAATCC-1,6,NK cell
TACGCCACATTCCT-1,0,T cell
TACGCCACTCCCAC-1,5,Dendritic
TACGCCACTCCGAA-1,11,B cell
TACGCGCTCTTCTA-1,3,NK cell
TACGGAACGCGTTA-1,4,B cell
TACGGCCTGGGACA-1,6,NK cell
TACGGCCTGTCCTC-1,9,T cell
TACGTACTACGGAG-1,10,T cell
TACGTACTCAGTTG-1,0,T cell
TACGTACTCCCGTT-1,11,B cell
TACGTTACAGAAGT-1,0,T cell
TACGTTACCAAGCT-1,2,Monocyte
TACTAAGAAAGGTA-1,4,B cell
TACTAAGAATCACG-1,9,T cell
TACTAAGATGATGC-1,2,Monocyte
TACTAAGATTGCGA-1,0,T cell
TACTACACGAGAGC-1,0,T cell
TACTACACTTACCT-1,4,B cell
TACTACTGAACCTG-1,2,Monocyte
TACTACTGATGTCG-1,3,NK cell
TACTACTGATTCTC-1,1,T cell
TACTACTGTATGGC-1,1,T cell
TACTCAACGGTCTA-1,2,Monocyte
TACTCAACTGCTAG-1,4,B cell
TACTCCCTCAGTTG-1,9,T cell
TACTCTGAATCGAC-1,6,NK cell
TACTCTGACGAGTT-1,0,T cell
TACTCTGATTGACG-1,4,B cell
TACTGGGATCGATG-1,1,T cell
TACTGTTGAAAGCA-1,1,T cell
TACTGTTGAGGCGA-1,6,NK cell
TACTGTTGCTGAAC-1,11,B cell
TACTTGACTCCTCG-1,3,NK cell
TACTTGACTGGTGT-1,4,B cell
TACTTTCTTTTGGG-1,12,T cell
TAGAAACTAATCGC-1,1,T cell
TAGAAACTGCTTCC-1,2,Monocyte
TAGAAACTGGGATG-1,3,NK cell
TAGAATTGCGACAT-1,9,T cell
TAGAATTGTATCGG-1,1,T cell
TAGACGTGCTTGAG-1,9,T cell
TAGACGTGTCGCTC-1,1,T cell
TAGAGCACCTTACT-1,4,B cell
TAGATTGACTTGTT-1,4,B cell
TAGATTGAGGCATT-1,8,T cell
TAGCATCTCAGCTA-1,6,NK cell
TAGCATCTCCCTCA-1,8,T cell
TAGCATCTGCTGTA-1,5,Dendritic
TAGCATCTGGGACA-1,1,T cell
TAGCATCTTGTCGA-1,8,T cell
TAGCCCACAAAAGC-1,0,T cell
TAGCCCACAGCCAT-1,12,T cell
TAGCCCACAGCTAC-1,6,NK cell
TAGCCCACCCACAA-1,1,T cell
TAGCCCTGCGGAGA-1,3,NK cell
TAGCCGCTTACGAC-1,0,T cell
TAGCCGCTTACTTC-1,3,NK cell
TAGCCGCTTTCCAT-1,5,Dendritic
TAGCTACTGAATAG-1,4,B cell
TAGCTACTGTAGCT-1,1,T cell
TAGCTACTTTTGCT-1,12,T cell
TAGGACTGTGCTGA-1,10,T cell
TAGGAGCTAAGGCG-1,4,B cell
TAGGAGCTGAGGGT-1,0,T cell
TAGGAGCTTGCATG-1,4,B cell
TAGGCAACCGTCTC-1,4,B cell
TAGGCATGCTCTCG-1,13,Dendritic
TAGGCATGGCGAGA-1,3,NK cell
TAGGCTGATGCCTC-1,2,Monocyte
TAGGGACTGAACTC-1,6,NK cell
TAGGTCGACACTGA-1,1,T cell
TAGGTCGAGGATCT-1,4,B cell
TAGGTGACACACTG-1,0,T cell
TAGGTGACACGTTG-1,11,B cell
TAGGTGTGTTCTGT-1,10,T cell
TAGGTTCTGAAGGC-1,0,T cell
TAGGTTCTTCTTAC-1,5,Dendritic
TAGGTTCTTGCTGA-1,2,Monocyte
TAGTAAACCTCGCT-1,1,T cell
TAGTAAACGTCACA-1,10,T cell
TAGTAATGAGATCC-1,1,T cell
TAGTACCTAAGAAC-1,2,Monocyte
TAGTATGATCTTAC-1,4,B cell
TAGTATGATTCTCA-1,0,T cell
TAGTCTTGGCTGTA-1,9,T cell
TAGTCTTGGGACTT-1,12,T cell
TAGTCTTGTGGAAA-1,3,NK cell
TAGTGGTGAAGTGA-1,6,NK cell
TAGTTAGAACCACA-1,6,NK cell
TAGTTAGATGAACC-1,1,T cell
TATAAGACAACAGA-1,3,NK cell
TATAAGACAGCTCA-1,5,Dendritic
TATAAGTGACACCA-1,5,Dendritic
TATAAGTGTATCGG-1,2,Monocyte
TATAAGTGTGGTGT-1,5,Dendritic
TATACAGAACCCTC-1,3,NK cell
TATACAGAAGAACA-1,1,T cell
TATACAGATCCAGA-1,0,T cell
TATACCACCTGATG-1,4,B cell
TATACGCTACCAAC-1,10,T cell
TATAGATGGACGGA-1,0,T cell
TATAGATGTTCCGC-1,5,Dendritic
TATCACTGACTGTG-1,2,Monocyte
TATCCAACCAGCTA-1,2,Monocyte
TATCCAACTCTCTA-1,12,T cell
TATCGACTACTAGC-1,6,NK cell
TATCGACTCGATAC-1,5,Dendritic
TATCGTACAGATGA-1,3,NK cell
TATCGTACATTCCT-1,2,Monocyte
TATCTCGAGAGATA-1,9,T cell
TATCTGACAGGTTC-1,3,NK cell
TATCTGACTGTTTC-1,3,NK cell
TATCTTCTAAACAG-1,8,T cell
TATGAATGGAGGAC-1,3,NK cell
TATGAATGTTTGCT-1,5,Dendritic
TATGCGGATAACCG-1,0,T cell
TATGGGTGCATCAG-1,6,NK cell
TATGGGTGCTAGCA-1,11,B cell
TATGGTCTCTACCC-1,9,T cell
TATGTCACGGAACG-1,11,B cell
TATGTCACTAACCG-1,7,Monocyte
TATGTCACTTCTCA-1,4,B cell
TATGTGCTCCGATA-1,2,Monocyte
TATGTGCTGGATTC-1,1,T cell
TATTGCTGAAGAAC-1,2,Monocyte
TATTGCTGCCGTTC-1,4,B cell
TATTGCTGTCTGGA-1,1,T cell
TATTGCTGTGCACA-1,3,NK cell
TATTTCCTATTGGC-1,2,Monocyte
TATTTCCTGGAGGT-1,6,NK cell
TATTTCCTGGTGTT-1,1,T cell
TCAACACTGTTTGG-1,6,NK cell
TCAAGGACAGCGTT-1,9,T cell
TCAAGGACATTCTC-1,3,NK cell
TCAAGGACGGTGTT-1,7,Monocyte
TCAATCACACTCTT-1,3,NK cell
TCAATCACAGTCGT-1,5,Dendritic
TCACAACTATGTGC-1,9,T cell
TCACAACTTTGCTT-1,2,Monocyte
TCACATACACTTTC-1,3,NK cell
TCACATACAGGGTG-1,1,T cell
TCACCCGAGACGGA-1,7,Monocyte
TCACCGTGCTCGCT-1,5,Dendritic
TCACCTCTACGACT-1,12,T cell
TCACCTCTTCCAAG-1,5,Dendritic
TCACGAGAGGAGGT-1,11,B cell
TCACTATGGGGCAA-1,3,NK cell
TCACTATGGTTGTG-1,4,B cell
TCAGACGACGCTAA-1,0,T cell
TCAGACGACGTTAG-1,6,NK cell
TCAGAGACTCCAGA-1,1,T cell
TCAGCAGACTCCAC-1,0,T cell
TCAGCGCTCTAGTG-1,12,T cell
TCAGCGCTGGATCT-1,4,B cell
TCAGCGCTGGTATC-1,12,T cell
TCAGGATGAAGTAG-1,1,T cell
TCAGGATGCCTTTA-1,5,Dendritic
TCAGTGGAAGATCC-1,3,NK cell
TCAGTTACCTACGA-1,2,Monocyte
TCAGTTACTAGAAG-1,0,T cell
TCATCAACCCGATA-1,1,T cell
TCATCAACTGTTCT-1,5,Dendritic
TCATCATGCAGTTG-1,1,T cell
TCATCCCTTACTGG-1,0,T cell
TCATTCGATACAGC-1,5,Dendritic
TCCACGTGGAAACA-1,8,T cell
TCCACTCTACACTG-1,0,T cell
TCCACTCTGAGCTT-1,7,Monocyte
TCCACTCTTACTTC-1,4,B cell
TCCATAACAAAGTG-1,1,T cell
TCCATAACCGTAGT-1,11,B cell
TCCATAACGATGAA-1,0,T cell
TCCATAACTACGCA-1,1,T cell
TCCATCCTCCCTAC-1,3,NK cell
TCCCACGATCATTC-1,1,T cell
TCCCATCTCAAAGA-1,2,Monocyte
TCCCGAACACAGTC-1,6,NK cell
TCCCGAACTTCGCC-1,5,Dendritic
TCCCGATGAGATCC-1,0,T cell
TCCCGATGCCTGAA-1,2,Monocyte
TCCCGATGCTGTGA-1,10,T cell
TCCCTACTCAACTG-1,4,B cell
TCCGAAGACAATCG-1,2,Monocyte
TCCGAAGACGTTAG-1,0,T cell
TCCGGACTGAGGTG-1,0,T cell
TCCGGACTGTACGT-1,3,NK cell
TCCTAAACATCGAC-1,3,NK cell
TCCTAAACCGAGAG-1,0,T cell
TCCTAAACCGCATA-1,6,NK cell
TCCTAATGGTTTGG-1,3,NK cell
TCCTACCTGTCGTA-1,0,T cell
TCCTATGAAAAGCA-1,3,NK cell
TCGAATCTCTGGTA-1,3,NK cell
TCGACCTGCCGATA-1,5,Dendritic
TCGACGCTTCTATC-1,7,Monocyte
TCGACGCTTTGACG-1,0,T cell
TCGAGAACGACAGG-1,10,T cell
TCGAGAACGTTAGC-1,0,T cell
TCGAGCCTATCAGC-1,4,B cell
TCGAGCCTGCGAGA-1,12,T cell
TCGAGCCTTGTGAC-1,10,T cell
TCGATACTATTCCT-1,3,NK cell
TCGATACTTGCACA-1,0,T cell
TCGATTTGATGCCA-1,2,Monocyte
TCGATTTGCACTCC-1,1,T cell
TCGATTTGCAGCTA-1,6,NK cell
TCGATTTGCCTACC-1,2,Monocyte
TCGATTTGTCGTGA-1,11,B cell
TCGCACACCATCAG-1,2,Monocyte
TCGCAGCTAGATCC-1,3,NK cell
TCGCCATGAGACTC-1,1,T cell
TCGCCATGTGGTCA-1,4,B cell
TCGGACCTAACAGA-1,1,T cell
TCGGACCTATAAGG-1,4,B cell
TCGGACCTGTACAC-1,1,T cell
TCGGTAGAGTAGGG-1,1,T cell
TCGGTAGATCCCAC-1,11,B cell
TCGTAGGATCGACA-1,0,T cell
TCGTGAGAACTGTG-1,4,B cell
TCGTTATGGACAAA-1,10,T cell
TCTAACACCAGTTG-1,6,NK cell
TCTAACACGAGCAG-1,13,Dendritic
TCTAACTGAACCAC-1,0,T cell
TCTAAGCTAATGCC-1,9,T cell
TCTAAGCTTAGTCG-1,3,NK cell
TCTAAGCTTCTAGG-1,5,Dendritic
TCTAAGCTTGTTCT-1,2,Monocyte
TCTAAGCTTTCGCC-1,4,B cell
TCTACAACGACTAC-1,2,Monocyte
TCTAGACTTAGAAG-1,2,Monocyte
TCTAGTTGCACCAA-1,5,Dendritic
TCTATGTGAAGAGT-1,2,Monocyte
TCTATGTGAGTCTG-1,3,NK cell
TCTCAAACCTAAGC-1,4,B cell
TCTCTAGAATTTCC-1,10,T cell
TCTGATACACGTGT-1,1,T cell
TCTGATACTCGCCT-1,1,T cell
TCTTACGAACCTGA-1,2,Monocyte
TCTTCAGAGCTACA-1,7,Monocyte
TCTTGATGCGGAGA-1,3,NK cell
TGAAATTGGTGAGG-1,7,Monocyte
TGAACCGAAAACGA-1,9,T cell
TGAACCGACTACTT-1,5,Dendritic
TGAACCGATTCGGA-1,5,Dendritic
TGAAGCACTCACGA-1,12,T cell
TGAAGCTGAACGAA-1,8,T cell
TGAAGCTGAGACTC-1,9,T cell
TGAAGCTGCATGGT-1,11,B cell
TGAAGCTGCGTAAC-1,1,T cell
TGAATAACCACTTT-1,8,T cell
TGAATAACTCCCAC-1,3,NK cell
TGACACGACCTTAT-1,4,B cell
TGACCAGACAACCA-1,10,T cell
TGACCAGAGGATTC-1,8,T cell
TGACCGCTAAAAGC-1,0,T cell
TGACCGCTCTGCAA-1,1,T cell
TGACGATGCAAAGA-1,2,Monocyte
TGACGCCTGTACCA-1,0,T cell
TGACGCCTTTACTC-1,0,T cell
TGACTGGAAGAGAT-1,2,Monocyte
TGACTGGACCGTAA-1,0,T cell
TGACTGGACGCAAT-1,1,T cell
TGACTGGAGGACAG-1,11,B cell
TGACTGGATTCTCA-1,0,T cell
TGACTTACACACCA-1,0,T cell
TGACTTACAGTCTG-1,2,Monocyte
TGACTTTGCGCATA-1,8,T cell
TGACTTTGTTTGTC-1,0,T cell
TGAGACACAAGGTA-1,10,T cell
TGAGACACTCAAGC-1,12,T cell
TGAGACACTGTGCA-1,9,T cell
TGAGCTGAATGCTG-1,5,Dendritic
TGAGCTGACTGGAT-1,2,Monocyte
TGAGCTGAGCGAGA-1,9,T cell
TGAGCTGATGCTAG-1,2,Monocyte
TGAGGACTCTCATT-1,2,Monocyte
TGAGGACTTCATTC-1,0,T cell
TGAGGTACGAACCT-1,5,Dendritic
TGAGTCGAGTTACG-1,4,B cell
TGAGTGACTGAGCT-1,1,T cell
TGATAAACGAATCC-1,0,T cell
TGATAAACTCCGTC-1,6,NK cell
TGATAAACTTTCAC-1,1,T cell
TGATACCTCACTAG-1,2,Monocyte
TGATACCTGTTGGT-1,0,T cell
TGATACCTTATGCG-1,8,T cell
TGATACCTTGAAGA-1,10,T cell
TGATATGAACCTTT-1,8,T cell
TGATCACTAGCATC-1,12,T cell
TGATCACTCTCGCT-1,9,T cell
TGATCACTTCTACT-1,11,B cell
TGATCGGACTGACA-1,5,Dendritic
TGATCGGAGGAGCA-1,4,B cell
TGATCGGATATGCG-1,5,Dendritic
TGATTAGACATTGG-1,0,T cell
TGATTAGATGACTG-1,4,B cell
TGATTAGATGCTAG-1,8,T cell
TGATTCACTATGCG-1,8,T cell
TGATTCACTGTCAG-1,11,B cell
TGATTCTGCCGAAT-1,0,T cell
TGATTCTGCTCTTA-1,1,T cell
TGCAAGTGAGAACA-1,10,T cell
TGCAAGTGGGTAGG-1,2,Monocyte
TGCAATCTTCAGGT-1,13,Dendritic
TGCACAGACGACAT-1,6,NK cell
TGCCAAGAGCAGTT-1,7,Monocyte
TGCCAAGATCTCTA-1,0,T cell
TGCCACTGAACGTC-1,0,T cell
TGCCACTGCGATAC-1,6,NK cell
TGCCAGCTTGGCAT-1,0,T cell
TGCCCAACAGCAAA-1,0,T cell
TGCCCAACCGCATA-1,5,Dendritic
TGCCGACTCTCCCA-1,4,B cell
TGCGAAACAGTCAC-1,11,B cell
TGCGAAACGTTGCA-1,4,B cell
TGCGATGAACGGTT-1,0,T cell
TGCGATGACCTCGT-1,1,T cell
TGCGATGACTAGTG-1,11,B cell
TGCGATGACTGCTC-1,4,B cell
TGCGATGACTTGCC-1,11,B cell
TGCGATGAGTGCTA-1,2,Monocyte
TGCGCACTCTTGAG-1,2,Monocyte
TGCGTAGAATAAGG-1,2,Monocyte
TGCGTAGACGGGAA-1,4,B cell
TGCGTAGATGGTCA-1,5,Dendritic
TGCTAGGAAACCGT-1,3,NK cell
TGCTAGGATAGTCG-1,0,T cell
TGCTATACGGTTCA-1,13,Dendritic
TGCTATACTGCTGA-1,3,NK cell
TGCTGAGAGAGCAG-1,6,NK cell
TGCTGAGATTATCC-1,1,T cell
TGGAAAGACTCTCG-1,11,B cell
TGGAAAGAGCGATT-1,0,T cell
TGGAAAGAGGTCAT-1,5,Dendritic
TGGAAAGATATGGC-1,9,T cell
TGGAACACAAACAG-1,6,NK cell
TGGAACACGCTAAC-1,12,T cell
TGGAAGCTCAGATC-1,1,T cell
TGGACCCTACACTG-1,2,Monocyte
TGGACCCTCATGGT-1,12,T cell
TGGACCCTGGTACT-1,5,Dendritic
TGGACTGAGTATGC-1,0,T cell
TGGAGACTATCAGC-1,7,Monocyte
TGGAGACTGAAACA-1,9,T cell
TGGAGACTTCAAGC-1,1,T cell
TGGAGACTTGACCA-1,3,NK cell
TGGAGGGACGGAGA-1,2,Monocyte
TGGAGGGAGCTATG-1,3,NK cell
TGGATCGATAAAGG-1,1,T cell
TGGATGTGACCTAG-1,4,B cell
TGGATGTGATGTCG-1,12,T cell
TGGATGTGTGAAGA-1,4,B cell
TGGATTCTCATACG-1,12,T cell
TGGCAATGCTTGTT-1,4,B cell
TGGCAATGGAGGGT-1,12,T cell
TGGCACCTTCACGA-1,3,NK cell
TGGCACCTTCAGTG-1,7,Monocyte
TGGGTATGAAGAGT-1,0,T cell
TGGGTATGCACAAC-1,0,T cell
TGGGTATGGTACGT-1,4,B cell
TGGGTATGTTTGGG-1,2,Monocyte
TGGTAGACATGCCA-1,10,T cell
TGGTAGACCCTCAC-1,6,NK cell
TGGTAGACCTGATG-1,0,T cell
TGGTAGTGCACTGA-1,5,Dendritic
TGGTATCTAAACAG-1,8,T cell
TGGTATCTCTTCCG-1,1,T cell
TGGTCAGACCCAAA-1,7,Monocyte
TGGTCAGACCGTTC-1,6,NK cell
TGGTTACTGACGTT-1,2,Monocyte
TGGTTACTGTTCTT-1,8,T cell
TGTAACCTAGAGGC-1,0,T cell
TGTAACCTTGCCTC-1,7,Monocyte
TGTAATGACACAAC-1,6,NK cell
TGTAATGAGGTAAA-1,6,NK cell
TGTACTTGCTCTAT-1,5,Dendritic
TGTAGGTGCGAGAG-1,4,B cell
TGTAGGTGCTATGG-1,0,T cell
TGTAGGTGCTCTAT-1,13,Dendritic
TGTAGGTGTGCTGA-1,1,T cell
TGTAGTCTTCCAGA-1,7,Monocyte
TGTAGTCTTGCACA-1,12,T cell
TGTATCTGTTAGGC-1,0,T cell
TGTATGCTCATGGT-1,4,B cell
TGTATGCTGTAGGG-1,9,T cell
TGTATGCTTTCATC-1,9,T cell
TGTCAGGAATACCG-1,8,T cell
TGTCAGGAGATGAA-1,5,Dendritic
TGTCTAACCCCTTG-1,1,T cell
TGTGACGATTCTCA-1,3,NK cell
TGTGAGACTGTCAG-1,5,Dendritic
TGTGAGACTTGAGC-1,0,T cell
TGTGAGTGACCACA-1,1,T cell
TGTGAGTGAGTGCT-1,5,Dendritic
TGTGAGTGGAGATA-1,3,NK cell
TGTGATCTCTCTAT-1,11,B cell
TGTGATCTGACACT-1,8,T cell
TGTGGATGGCCAAT-1,4,B cell
TGTTAAGACAAAGA-1,2,Monocyte
TGTTAAGATAAGGA-1,2,Monocyte
TGTTAAGATTGGCA-1,2,Monocyte
TGTTACACCGCATA-1,5,Dendritic
TGTTACACGACTAC-1,5,Dendritic
TGTTACTGGCTACA-1,12,T cell
TGTTACTGTAGTCG-1,3,NK cell
TTAACCACCGTAAC-1,10,T cell
TTAACCACTAAGGA-1,3,NK cell
TTAACCACTCAGAC-1,12,T cell
TTACACACGTGTTG-1,0,T cell
TTACACACTCCTAT-1,1,T cell
TTACCATGAATCGC-1,2,Monocyte
TTACCATGGTTGAC-1,1,T cell
TTACCATGTGTCTT-1,6,NK cell
TTACCATGTTGTGG-1,4,B cell
TTACGACTGAGAGC-1,0,T cell
TTACGACTTGACAC-1,2,Monocyte
TTACGTACGTTCAG-1,2,Monocyte
TTACTCGAACGTTG-1,11,B cell
TTACTCGAAGAATG-1,7,Monocyte
TTACTCGACGCAAT-1,13,Dendritic
TTACTCGAGGGTGA-1,1,T cell
TTACTCGATCTACT-1,6,NK cell
TTAGAATGTGGTGT-1,1,T cell
TTAGAATGTGTAGC-1,9,T cell
TTAGACCTCCTACC-1,1,T cell
TTAGACCTCCTTTA-1,2,Monocyte
TTAGCTACAACCGT-1,8,T cell
TTAGCTACTGTCCC-1,5,Dendritic
TTAGCTACTTTCGT-1,0,T cell
TTAGGGACGCGAAG-1,12,T cell
TTAGGGTGCTGGAT-1,11,B cell
TTAGGGTGTCCTGC-1,5,Dendritic
TTAGGTCTACTTTC-1,2,Monocyte
TTAGTCACCAGTTG-1,0,T cell
TTAGTCTGAAAGCA-1,11,B cell
TTAGTCTGCCAACA-1,6,NK cell
TTAGTCTGTGCACA-1,9,T cell
TTATCCGACTAGTG-1,4,B cell
TTATCCGAGAAAGT-1,5,Dendritic
TTATGAGAGATAAG-1,3,NK cell
TTATGCACGTCACA-1,4,B cell
TTATGGCTTATGGC-1,13,Dendritic
TTATTCCTATGCTG-1,7,Monocyte
TTATTCCTGGACAG-1,11,B cell
TTATTCCTGGTACT-1,4,B cell
TTATTCCTTCGTGA-1,0,T cell
TTCAAAGATAAAGG-1,3,NK cell
TTCAACACAACAGA-1,0,T cell
TTCAACACCCCAAA-1,2,Monocyte
TTCAACACGGACGA-1,5,Dendritic
TTCAAGCTAAGAAC-1,7,Monocyte
TTCAAGCTAGATGA-1,1,T cell
TTCAAGCTGTTGAC-1,10,T cell
TTCAAGCTTCCAAG-1,9,T cell
TTCAAGCTTGATGC-1,0,T cell
TTCAAGCTTTCGCC-1,8,T cell
TTCACAACCCGTTC-1,7,Monocyte
TTCACAACGTCTGA-1,5,Dendritic
TTCAGACTACCCAA-1,9,T cell
TTCAGACTCTCGAA-1,10,T cell
TTCAGTACCGACTA-1,0,T cell
TTCAGTACTCAAGC-1,10,T cell
TTCAGTACTCCTAT-1,2,Monocyte
TTCAGTTGCCAAGT-1,0,T cell
TTCAGTTGTCCTTA-1,13,Dendritic
TTCAGTTGTCTAGG-1,8,T cell
TTCAGTTGTCTCGC-1,4,B cell
TTCATCGAGGTGGA-1,2,Monocyte
TTCATGTGTGGTGT-1,0,T cell
TTCATTCTATGTCG-1,7,Monocyte
TTCATTCTTCTCTA-1,1,T cell
TTCCAAACCTATGG-1,2,Monocyte
TTCCAAACCTCCCA-1,11,B cell
TTCCAAACTCCCAC-1,6,NK cell
TTCCAAACTTGACG-1,3,NK cell
TTCCATGACGAGAG-1,2,Monocyte
TTCCATGACTGTCC-1,8,T cell
TTCCCACTTGAGGG-1,6,NK cell
TTCCCACTTGTCTT-1,7,Monocyte
TTCCTAGAAAGTGA-1,1,T cell
TTCCTAGACTAGTG-1,5,Dendritic
TTCGAGGACTCTAT-1,0,T cell
TTCGAGGAGGGCAA-1,10,T cell
TTCGAGGATAGAAG-1,5,Dendritic
TTCGATTGAGCATC-1,0,T cell
TTCGGAGAATGCCA-1,2,Monocyte
TTCGGAGATGTGCA-1,1,T cell
TTCGTATGAAAAGC-1,3,NK cell
TTCGTATGGATAGA-1,3,NK cell
TTCGTATGGTCTGA-1,1,T cell
TTCGTATGTCCTTA-1,5,Dendritic
TTCTACGAACGTAC-1,1,T cell
TTCTACGAGTTGGT-1,0,T cell
TTCTAGTGACACGT-1,0,T cell
TTCTAGTGCATGAC-1,2,Monocyte
TTCTAGTGGAGAGC-1,6,NK cell
TTCTAGTGGTCACA-1,7,Monocyte
TTCTCAGAAGAGAT-1,0,T cell
TTCTCAGAAGCATC-1,11,B cell
TTCTCAGATGGAGG-1,0,T cell
TTCTGATGGAGACG-1,6,NK cell
TTCTTACTCTGGAT-1,5,Dendritic
TTGAACCTCCTTGC-1,4,B cell
TTGAATGAACTACG-1,5,Dendritic
TTGAATGACTTACT-1,1,T cell
TTGAATGATCTCAT-1,11,B cell
TTGACACTCTGTAG-1,10,T cell
TTGACACTGATAAG-1,4,B cell
TTGAGGACAGAACA-1,2,Monocyte
TTGAGGACTACGCA-1,13,Dendritic
TTGAGGTGGACGGA-1,9,T cell
TTGCATTGAGCTAC-1,3,NK cell
TTGCATTGCTAAGC-1,2,Monocyte
TTGCATTGTGACTG-1,0,T cell
TTGCTAACACCAAC-1,3,NK cell
TTGCTAACACGCTA-1,5,Dendritic
TTGCTAACCACTCC-1,8,T cell
TTGCTATGGTACGT-1,7,Monocyte
TTGCTATGGTAGGG-1,5,Dendritic
TTGGAGACCAATCG-1,10,T cell
TTGGAGACGCTATG-1,7,Monocyte
TTGGAGACTATGGC-1,4,B cell
TTGGGAACTGAACC-1,8,T cell
TTGGTACTACTGGT-1,7,Monocyte
TTGGTACTCTTAGG-1,1,T cell
TTGGTACTGAATCC-1,4,B cell
TTGGTACTGGATTC-1,4,B cell
TTGTACACGTTGTG-1,4,B cell
TTGTACACTTGCAG-1,0,T cell
TTGTAGCTAGCTCA-1,0,T cell
TTGTAGCTCTCTTA-1,11,B cell
TTGTCATGGACGGA-1,6,NK cell
TTTAGAGATCCTCG-1,11,B cell
TTTAGCTGATACCG-1,8,T cell
TTTAGCTGGATACC-1,2,Monocyte
TTTAGCTGTACTCT-1,13,Dendritic
TTTAGGCTCCTTTA-1,2,Monocyte
TTTATCCTGTTGTG-1,5,Dendritic
TTTCACGAGGTTCA-1,1,T cell
TTTCAGTGGAAGGC-1,12,T cell
TTTCAGTGTCACGA-1,4,B cell
TTTCAGTGTCTATC-1,2,Monocyte
TTTCAGTGTGCAGT-1,4,B cell
TTTCCAGAGGTGAG-1,0,T cell
TTTCGAACACCTGA-1,13,Dendritic
TTTCGAACTCTCAT-1,7,Monocyte
TTTCTACTGAGGCA-1,11,B cell
TTTCTACTTCCTCG-1,4,B cell
TTTGCATGAGAGGC-1,4,B cell
TTTGCATGCCTCAC-1,1,T cell
