rank,hgnc_id,input_symbol,clinGen_hi_score,clinGen_triplo_score,gnomad_pLI,gnomad_LOEUF,hpa_liver_expr,hpa_kidney_expr,DeepLOF_score,consensus_score,contrib_DeepLOF_score,contrib_clinGen_hi_score,contrib_gnomad_LOEUF,contrib_gnomad_pLI,hpa_penalty,borda_score,borda_rank
1,HGNC:4047 ,FZD9,,,1.9309e-03,8.3400e-01,0.1,0.1,,1.1598571434225844,0.0,0.0,1.1559953434225845,0.0038618,0.0,146.0,20
2,HGNC:3722 ,FKBP6,,,1.3955e-06,1.0310e+00,0.0,0.0,,0.9266616967043073,0.0,0.0,0.9266589057043073,2.7909999999998916e-06,0.0,118.0,30
3,HGNC:11433,STX1A,,,9.7850e-01,2.9300e-01,2.2,3.3,0.89189804,0.7427974388824214,1.0,0.0,1.7857974388824214,1.957,-4.0,205.0,4
4,HGNC:18287,VPS37D,,,9.1622e-01,3.7600e-01,9.4,11.0,0.72017384,0.3072509489889601,0.7856374914802287,0.0,1.6891734575087312,1.83244,-4.0,197.0,7
5,HGNC:23018,TMEM270,,,1.1786e-08,1.6380e+00,0.2,0.1,0.09080553,0.22002330645907806,0.0,0.0,0.22002328288707806,2.3571999999891422e-08,0.0,102.0,34
6,HGNC:3327 ,ELN,3.0,0.0,2.1429e-14,8.7100e-01,13.2,12.5,,0.1129220023283315,0.0,3.0,1.1129220023282886,4.2857891422e-14,-4.0,167.0,11
7,HGNC:33771,SPDYE8,,,,,0.0,0.0,,0.0,0.0,0.0,0.0,0.0,0.0,136.0,21
8,HGNC:45034,SPDYE9,,,,,0.0,0.0,,0.0,0.0,0.0,0.0,0.0,0.0,136.0,21
9,HGNC:51506,SPDYE10,,,,,0.2,0.2,,0.0,0.0,0.0,0.0,0.0,0.0,136.0,21
10,HGNC:51507,SPDYE11,,,,,0.0,0.0,,0.0,0.0,0.0,0.0,0.0,0.0,136.0,21
11,HGNC:961  ,BAZ1B,,,1.0000e+00,1.0900e-01,23.4,16.2,,0.0,0.0,0.0,2.0,2.0,-4.0,204.0,5
12,,ENSG00000289346,,,,,,,,0.0,0.0,0.0,0.0,0.0,0.0,136.0,21
13,HGNC:2586 ,CLIP2,,,9.9997e-01,1.9600e-01,3.0,15.1,,-0.10134055878928994,0.0,0.0,1.89871944121071,1.99994,-4.0,200.0,6
14,HGNC:12741,EIF4H,,,4.3982e-01,5.4800e-01,192.1,152.1,0.83949405,-0.6968350247926374,0.9345843465694119,0.0,1.488940628637951,0.87964,-4.0,186.0,8
15,HGNC:19017,TRIM50,,,1.5479e-10,1.2540e+00,0.3,6.6,0.17666054,-1.2257728810594444,0.10717240384634232,0.0,0.6670547147846333,3.09579999891422e-10,-2.0,110.0,31
16,HGNC:12744,MLXIPL,,,4.7771e-02,4.7300e-01,595.0,35.2,0.71290326,-1.551644884044574,0.7765616607749835,0.0,1.5762514551804423,0.095542,-4.0,180.0,9
17,HGNC:6613 ,LIMK1,0.0,0.0,9.9937e-01,2.2500e-01,4.5,10.4,,-1.6363007450523863,0.0,-1.5,1.8649592549476135,1.99874,-4.0,239.5,1
18,HGNC:4659 ,GTF2I,0.0,0.0,9.9592e-01,2.7000e-01,56.7,69.0,,-1.695587240977881,0.0,-1.5,1.8125727590221188,1.99184,-4.0,235.5,2
19,HGNC:2045 ,CLDN3,,,5.2233e-01,7.5500e-01,39.5,45.2,,-1.7073772526193247,0.0,0.0,1.2479627473806751,1.04466,-4.0,166.0,12
20,HGNC:19702,POM121,,,5.7971e-02,5.2700e-01,15.7,12.4,0.51013434,-1.8472241651556551,0.5234461747744964,0.0,1.5133876600698486,0.115942,-4.0,178.0,10
21,HGNC:4661 ,GTF2IRD1,0.0,0.0,9.0039e-01,3.2900e-01,4.5,18.0,,-1.9553317578579743,0.0,-1.5,1.7438882421420256,1.80078,-4.0,225.5,3
22,HGNC:16405,BUD23,,,7.6593e-05,7.3600e-01,48.4,45.4,0.5212754,-2.1924118164956883,0.5373535073995388,0.0,1.270081490104773,0.0001531859999999999,-4.0,157.0,15
23,HGNC:1005 ,BCL7B,,,1.8519e-01,7.1400e-01,24.3,21.2,,-2.3339273341094295,0.0,0.0,1.2956926658905705,0.37038,-4.0,166.0,12
24,HGNC:11586,TBL2,,,1.8452e-04,8.5800e-01,4.5,3.7,0.38606465,-2.50300451485763,0.3685705662133828,0.0,1.1280558789289872,0.0003690399999999999,-4.0,148.0,19
25,HGNC:12749,LAT2,,,2.2295e-04,8.3500e-01,4.7,3.2,0.35386586,-2.5163459323337687,0.32837696859754684,0.0,1.1548311990686844,0.0004458999999999999,-4.0,150.0,18
26,HGNC:16407,ABHD11,,,2.9581e-03,9.4100e-01,9.3,28.6,0.41662323,-2.5559352050185846,0.40671669742611877,0.0,1.0314318975552967,0.0059162,-4.0,151.0,17
27,HGNC:19068,METTL27,,,5.9768e-02,1.0190e+00,1.9,10.4,0.20830297,-2.793163862149338,0.14667149989955594,0.0,0.940628637951106,0.119536,-4.0,152.0,16
28,HGNC:9970 ,RFC2,,,2.2054e-06,9.7700e-01,20.7,14.3,,-3.010472888385099,0.0,0.0,0.989522700814901,4.410799999999892e-06,-4.0,124.0,28
29,HGNC:17453,TRIM74,,,9.1423e-03,1.2730e+00,2.6,1.6,0.31231844,-3.0602659076719987,0.27651352026746573,0.0,0.6449359720605357,0.0182846,-4.0,135.0,26
30,HGNC:16410,DNAJC30,,,2.3092e-02,1.4160e+00,11.6,9.4,0.36910224,-3.127956200693747,0.3473964698534006,0.0,0.4784633294528522,0.046184,-4.0,135.0,26
31,HGNC:7660 ,NCF1,,0.0,2.8311e-05,1.1330e+00,5.3,2.8,,-3.1920271963934805,0.0,0.0,0.8079161816065192,5.662199999999989e-05,-4.0,120.0,29
32,HGNC:16385,NSUN5,,,8.2394e-13,1.2980e+00,15.8,16.9,0.16236788,-3.294836692972096,0.08933094381321828,0.0,0.6158323632130382,1.6478798914220001e-12,-4.0,103.0,33
33,HGNC:33908,TYW1B,,,5.4289e-20,1.7660e+00,4.4,1.8,,-3.928987194412107,0.0,0.0,0.07101280558789291,0.0,-4.0,90.0,35
34,HGNC:2046 ,CLDN4,,,6.9789e-05,1.8270e+00,4.6,112.9,,-3.999860422,0.0,0.0,0.0,0.0001395779999999999,-4.0,106.0,32
35,HGNC:30775,GTF2IRD2,0.0,0.0,3.1521e-08,1.1650e+00,16.9,12.8,0.20278412,-4.589554029189112,0.1397823454871648,-1.5,0.7706635622817228,6.304199999989142e-08,-4.0,160.5,14
