hgnc_id,input_symbol,status
HGNC:33908,TYW1B,ok
HGNC:19702,POM121,ok
HGNC:17453,TRIM74,ok
HGNC:33771,SPDYE8,ok
HGNC:51507,SPDYE11,ok
HGNC:45034,SPDYE9,ok
HGNC:51506,SPDYE10,ok
HGNC:16385,NSUN5,ok
HGNC:19017,TRIM50,ok
HGNC:3722 ,FKBP6,ok
HGNC:4047 ,FZD9,ok
HGNC:961  ,BAZ1B,ok
HGNC:1005 ,BCL7B,ok
HGNC:11586,TBL2,ok
HGNC:12744,MLXIPL,ok
HGNC:18287,VPS37D,ok
HGNC:16410,DNAJC30,ok
HGNC:16405,BUD23,ok
HGNC:11433,STX1A,ok
HGNC:16407,ABHD11,ok
HGNC:2045 ,CLDN3,ok
HGNC:2046 ,CLDN4,ok
HGNC:19068,METTL27,ok
HGNC:23018,TMEM270,ok
HGNC:3327 ,ELN,ok
HGNC:6613 ,LIMK1,ok
HGNC:12741,EIF4H,ok
HGNC:12749,LAT2,ok
HGNC:9970 ,RFC2,ok
HGNC:2586 ,CLIP2,ok
HGNC:4661 ,GTF2IRD1,ok
HGNC:4659 ,GTF2I,ok
HGNC:7660 ,NCF1,ok
,ENSG00000289346,unresolved
HGNC:30775,GTF2IRD2,ok
