rank,hgnc_id,input_symbol,clinGen_hi_score,clinGen_triplo_score,gnomad_pLI,gnomad_LOEUF,hpa_liver_expr,hpa_kidney_expr,DeepLOF_score,consensus_score,contrib_clinGen_hi_score,contrib_gnomad_LOEUF,contrib_gnomad_pLI,contrib_DeepLOF_score,hpa_penalty,borda_score,borda_rank
1,HGNC:26742,NAT8L,,0.0,8.6458e-01,4.5700e-01,0.0,5.1,0.87502086,2.1607843137254896,0.0,1.5294117647058822,1.7647058823529411,0.8666666666666667,-2.0,105.0,4
2,HGNC:16822,FAM193A,,,9.9993e-01,2.1300e-01,11.4,11.6,0.8849192,0.8156862745098037,0.0,1.8823529411764706,2.0,0.9333333333333333,-4.0,116.0,1
3,HGNC:51180,CFAP99,,,,,0.1,0.2,0.22762096,0.2,0.0,0.0,0.0,0.2,0.0,69.0,14
4,HGNC:18870,POLN,,,9.4880e-41,1.4230e+00,0.4,0.4,0.06438434,0.1843137254901961,0.0,0.0,0.11764705882352941,0.06666666666666667,0.0,39.0,19
5,HGNC:12766,NSD2,3.0,0.0,,,8.1,9.5,0.9362303,0.0,3.0,0.0,0.0,1.0,-4.0,108.0,3
6,HGNC:10067,RNF4,,,7.9973e-01,4.9000e-01,25.3,31.7,0.8376349,-0.14117647058823524,0.0,1.4117647058823528,1.6470588235294117,0.8,-4.0,100.0,6
7,HGNC:243  ,ADD1,,,9.8830e-01,2.9600e-01,46.6,70.3,,-0.3529411764705883,0.0,1.7647058823529411,1.8823529411764706,0.0,-4.0,104.0,5
8,HGNC:13906,MXD4,,,7.7635e-01,5.1000e-01,20.1,37.8,0.8188685,-0.443137254901961,0.0,1.2941176470588234,1.5294117647058822,0.7333333333333333,-4.0,95.0,7
9,HGNC:29334,ZFYVE28,,,7.2340e-02,4.5600e-01,6.4,8.4,0.70410264,-0.5764705882352938,0.0,1.6470588235294117,1.1764705882352942,0.6,-4.0,93.0,9
10,HGNC:19118,TNIP2,,,1.5926e-03,7.3600e-01,29.3,36.0,0.5458063,-1.650980392156863,0.0,0.8235294117647058,1.0588235294117647,0.4666666666666667,-4.0,75.0,11
11,HGNC:16821,NOP14,,,2.1363e-06,5.8000e-01,18.5,11.2,0.52145433,-1.7176470588235295,0.0,1.0588235294117647,0.8235294117647058,0.4,-4.0,74.0,12
12,HGNC:34437,C4orf48,,,5.1423e-01,1.3210e+00,3.9,19.6,0.5499807,-1.937254901960784,0.0,0.11764705882352944,1.411764705882353,0.5333333333333333,-4.0,70.0,13
13,HGNC:12768,NELFA,0.0,0.0,1.3469e-01,5.1400e-01,5.7,6.5,0.730559,-2.3627450980392153,-1.5,1.1764705882352942,1.2941176470588236,0.6666666666666666,-4.0,109.0,2
14,HGNC:28719,HAUS3,,,1.2992e-09,1.0930e+00,7.2,6.0,0.24884945,-2.6745098039215685,0.0,0.47058823529411775,0.5882352941176471,0.26666666666666666,-4.0,58.0,15
15,HGNC:10825,SH3BP2,,,1.1560e-11,1.1350e+00,15.2,12.6,0.33067012,-2.9607843137254903,0.0,0.3529411764705883,0.35294117647058826,0.3333333333333333,-4.0,53.0,17
16,HGNC:16894,MFSD10,,,7.3331e-11,1.3130e+00,10.6,32.7,0.17228425,-3.16078431372549,0.0,0.23529411764705888,0.47058823529411764,0.13333333333333333,-4.0,50.0,18
17,HGNC:4543 ,GRK4,,,1.6286e-15,1.0870e+00,1.9,2.1,,-3.1764705882352944,0.0,0.588235294117647,0.23529411764705882,0.0,-4.0,56.0,16
18,HGNC:3690 ,FGFR3,0.0,0.0,1.6432e-05,6.0400e-01,39.7,38.2,,-3.6176470588235294,-1.5,0.9411764705882353,0.9411764705882353,0.0,-4.0,95.0,7
19,HGNC:6556 ,LETM1,0.0,0.0,1.2141e-06,7.3800e-01,16.0,12.9,,-4.088235294117647,-1.5,0.7058823529411764,0.7058823529411765,0.0,-4.0,87.0,10
