gene,compensation_ratio,compensation_class,mean_patient,mean_reference,pct_patient,pct_reference,n_patient,n_reference
TYW1B,1.7939,overcompensated,0.037,0.0206,0.0352,0.0205,8000,8000
POM121,1.5748,overcompensated,0.2356,0.1496,0.1954,0.1324,8000,8000
TRIM74,,unreliable,0.0003,0.0,0.0003,0.0,8000,8000
SPDYE8,,unreliable,0.0,0.0,0.0,0.0,8000,8000
SPDYE11,,unreliable,0.0,0.0,0.0,0.0,8000,8000
SPDYE9,,unreliable,0.0,0.0,0.0,0.0,8000,8000
NSUN5,1.2238,overcompensated,0.0554,0.0452,0.0521,0.0435,8000,8000
TRIM50,,unreliable,0.0,0.0,0.0,0.0,8000,8000
FKBP6,,unreliable,0.0,0.0,0.0,0.0,8000,8000
FZD9,1.6707,overcompensated,0.0171,0.0103,0.0165,0.0103,8000,8000
BAZ1B,1.4082,overcompensated,0.4446,0.3158,0.313,0.2515,8000,8000
BCL7B,1.1012,overcompensated,0.1959,0.1779,0.1746,0.158,8000,8000
TBL2,1.582,overcompensated,0.0747,0.0472,0.0686,0.0452,8000,8000
MLXIPL,0.619,unreliable,0.0033,0.0052,0.0031,0.0053,8000,8000
VPS37D,1.123,overcompensated,0.2465,0.2195,0.2119,0.1924,8000,8000
DNAJC30,1.3564,overcompensated,0.1028,0.0758,0.097,0.0717,8000,8000
BUD23,1.2331,overcompensated,0.4728,0.3834,0.3471,0.3041,8000,8000
STX1A,0.8562,partial_high,0.163,0.1904,0.1415,0.1649,8000,8000
ABHD11,0.9504,full,0.0408,0.0429,0.0382,0.0416,8000,8000
CLDN3,0.4444,unreliable,0.001,0.0022,0.0008,0.002,8000,8000
CLDN4,2.0,unreliable,0.0003,0.0001,0.0003,0.0001,8000,8000
METTL27,0.2,unreliable,0.0005,0.0025,0.0005,0.0025,8000,8000
TMEM270,,unreliable,0.0,0.0,0.0,0.0,8000,8000
ELN,3.1379,overcompensated,0.0114,0.0036,0.0107,0.0036,8000,8000
LIMK1,0.9605,full,0.1034,0.1076,0.0958,0.0986,8000,8000
EIF4H,1.3019,overcompensated,0.6324,0.4857,0.4268,0.3625,8000,8000
LAT2,1.3333,unreliable,0.002,0.0015,0.002,0.0015,8000,8000
RFC2,1.384,overcompensated,0.1581,0.1142,0.1288,0.1016,8000,8000
CLIP2,1.0868,overcompensated,0.1346,0.1239,0.1176,0.1108,8000,8000
GTF2IRD1,1.1308,overcompensated,0.094,0.0831,0.0896,0.0775,8000,8000
GTF2I,1.2758,overcompensated,2.6616,2.0863,0.8121,0.7764,8000,8000
NCF1,12.0,unreliable,0.0015,0.0001,0.0013,0.0001,8000,8000
GTF2IRD2,1.5831,overcompensated,0.0798,0.0504,0.0746,0.0483,8000,8000
