rank,hgnc_id,input_symbol,clinGen_hi_score,clinGen_triplo_score,gnomad_pLI,gnomad_LOEUF,hpa_liver_expr,hpa_kidney_expr,DeepLOF_score,compensation_ratio,compensation_class,mean_patient,mean_reference,pct_patient,pct_reference,n_patient,n_reference,consensus_score,contrib_DeepLOF_score,contrib_clinGen_hi_score,contrib_gnomad_LOEUF,contrib_gnomad_pLI,hpa_penalty,borda_score,borda_rank
1,HGNC:11433,STX1A,,,9.7850e-01,2.9300e-01,2.2,3.3,0.89189804,0.8562,partial_high,0.163,0.1904,0.1415,0.1649,8000.0,8000.0,4.7427974388824214,1.0,0.0,1.7857974388824214,1.957,0.0,205.0,4
2,HGNC:18287,VPS37D,,,9.1622e-01,3.7600e-01,9.4,11.0,0.72017384,1.123,overcompensated,0.2465,0.2195,0.2119,0.1924,8000.0,8000.0,4.30725094898896,0.7856374914802287,0.0,1.6891734575087312,1.83244,0.0,197.0,7
3,HGNC:3327 ,ELN,3.0,0.0,2.1429e-14,8.7100e-01,13.2,12.5,,3.1379,overcompensated,0.0114,0.0036,0.0107,0.0036,8000.0,8000.0,4.1129220023283315,0.0,3.0,1.1129220023282886,4.2857891422e-14,0.0,167.0,11
4,HGNC:961  ,BAZ1B,,,1.0000e+00,1.0900e-01,23.4,16.2,,1.4082,overcompensated,0.4446,0.3158,0.313,0.2515,8000.0,8000.0,4.0,0.0,0.0,2.0,2.0,0.0,204.0,5
5,HGNC:2586 ,CLIP2,,,9.9997e-01,1.9600e-01,3.0,15.1,,1.0868,overcompensated,0.1346,0.1239,0.1176,0.1108,8000.0,8000.0,3.89865944121071,0.0,0.0,1.89871944121071,1.99994,0.0,200.0,6
6,HGNC:12741,EIF4H,,,4.3982e-01,5.4800e-01,192.1,152.1,0.83949405,1.3019,overcompensated,0.6324,0.4857,0.4268,0.3625,8000.0,8000.0,3.3031649752073626,0.9345843465694119,0.0,1.488940628637951,0.87964,0.0,186.0,8
7,HGNC:12744,MLXIPL,,,4.7771e-02,4.7300e-01,595.0,35.2,0.71290326,0.619,unreliable,0.0033,0.0052,0.0031,0.0053,8000.0,8000.0,2.448355115955426,0.7765616607749835,0.0,1.5762514551804423,0.095542,0.0,180.0,9
8,HGNC:6613 ,LIMK1,0.0,0.0,9.9937e-01,2.2500e-01,4.5,10.4,,0.9605,full,0.1034,0.1076,0.0958,0.0986,8000.0,8000.0,2.3636992549476137,0.0,-1.5,1.8649592549476135,1.99874,0.0,239.5,1
9,HGNC:4659 ,GTF2I,0.0,0.0,9.9592e-01,2.7000e-01,56.7,69.0,,1.2758,overcompensated,2.6616,2.0863,0.8121,0.7764,8000.0,8000.0,2.304412759022119,0.0,-1.5,1.8125727590221188,1.99184,0.0,235.5,2
10,HGNC:2045 ,CLDN3,,,5.2233e-01,7.5500e-01,39.5,45.2,,0.4444,unreliable,0.001,0.0022,0.0008,0.002,8000.0,8000.0,2.2926227473806753,0.0,0.0,1.2479627473806751,1.04466,0.0,166.0,12
11,HGNC:19702,POM121,,,5.7971e-02,5.2700e-01,15.7,12.4,0.51013434,1.5748,overcompensated,0.2356,0.1496,0.1954,0.1324,8000.0,8000.0,2.152775834844345,0.5234461747744964,0.0,1.5133876600698486,0.115942,0.0,178.0,10
12,HGNC:4661 ,GTF2IRD1,0.0,0.0,9.0039e-01,3.2900e-01,4.5,18.0,,1.1308,overcompensated,0.094,0.0831,0.0896,0.0775,8000.0,8000.0,2.0446682421420257,0.0,-1.5,1.7438882421420256,1.80078,0.0,225.5,3
13,HGNC:16405,BUD23,,,7.6593e-05,7.3600e-01,48.4,45.4,0.5212754,1.2331,overcompensated,0.4728,0.3834,0.3471,0.3041,8000.0,8000.0,1.8075881835043117,0.5373535073995388,0.0,1.270081490104773,0.0001531859999999999,0.0,157.0,15
14,HGNC:1005 ,BCL7B,,,1.8519e-01,7.1400e-01,24.3,21.2,,1.1012,overcompensated,0.1959,0.1779,0.1746,0.158,8000.0,8000.0,1.6660726658905705,0.0,0.0,1.2956926658905705,0.37038,0.0,166.0,12
15,HGNC:11586,TBL2,,,1.8452e-04,8.5800e-01,4.5,3.7,0.38606465,1.582,overcompensated,0.0747,0.0472,0.0686,0.0452,8000.0,8000.0,1.4969954851423701,0.3685705662133828,0.0,1.1280558789289872,0.0003690399999999999,0.0,148.0,19
16,HGNC:12749,LAT2,,,2.2295e-04,8.3500e-01,4.7,3.2,0.35386586,1.3333,unreliable,0.002,0.0015,0.002,0.0015,8000.0,8000.0,1.4836540676662313,0.32837696859754684,0.0,1.1548311990686844,0.0004458999999999999,0.0,150.0,18
17,HGNC:16407,ABHD11,,,2.9581e-03,9.4100e-01,9.3,28.6,0.41662323,0.9504,full,0.0408,0.0429,0.0382,0.0416,8000.0,8000.0,1.4440647949814154,0.40671669742611877,0.0,1.0314318975552967,0.0059162,0.0,151.0,17
18,HGNC:19068,METTL27,,,5.9768e-02,1.0190e+00,1.9,10.4,0.20830297,0.2,unreliable,0.0005,0.0025,0.0005,0.0025,8000.0,8000.0,1.206836137850662,0.14667149989955594,0.0,0.940628637951106,0.119536,0.0,152.0,16
19,HGNC:4047 ,FZD9,,,1.9309e-03,8.3400e-01,0.1,0.1,,1.6707,overcompensated,0.0171,0.0103,0.0165,0.0103,8000.0,8000.0,1.1598571434225844,0.0,0.0,1.1559953434225845,0.0038618,0.0,146.0,20
20,HGNC:9970 ,RFC2,,,2.2054e-06,9.7700e-01,20.7,14.3,,1.384,overcompensated,0.1581,0.1142,0.1288,0.1016,8000.0,8000.0,0.989527111614901,0.0,0.0,0.989522700814901,4.410799999999892e-06,0.0,124.0,28
21,HGNC:17453,TRIM74,,,9.1423e-03,1.2730e+00,2.6,1.6,0.31231844,,unreliable,0.0003,0.0,0.0003,0.0,8000.0,8000.0,0.9397340923280014,0.27651352026746573,0.0,0.6449359720605357,0.0182846,0.0,135.0,26
22,HGNC:3722 ,FKBP6,,,1.3955e-06,1.0310e+00,0.0,0.0,,,unreliable,0.0,0.0,0.0,0.0,8000.0,8000.0,0.9266616967043073,0.0,0.0,0.9266589057043073,2.7909999999998916e-06,0.0,118.0,30
23,HGNC:16410,DNAJC30,,,2.3092e-02,1.4160e+00,11.6,9.4,0.36910224,1.3564,overcompensated,0.1028,0.0758,0.097,0.0717,8000.0,8000.0,0.8720437993062529,0.3473964698534006,0.0,0.4784633294528522,0.046184,0.0,135.0,26
24,HGNC:7660 ,NCF1,,0.0,2.8311e-05,1.1330e+00,5.3,2.8,,12.0,unreliable,0.0015,0.0001,0.0013,0.0001,8000.0,8000.0,0.8079728036065192,0.0,0.0,0.8079161816065192,5.662199999999989e-05,0.0,120.0,29
25,HGNC:19017,TRIM50,,,1.5479e-10,1.2540e+00,0.3,6.6,0.17666054,,unreliable,0.0,0.0,0.0,0.0,8000.0,8000.0,0.7742271189405556,0.10717240384634232,0.0,0.6670547147846333,3.09579999891422e-10,0.0,110.0,31
26,HGNC:16385,NSUN5,,,8.2394e-13,1.2980e+00,15.8,16.9,0.16236788,1.2238,overcompensated,0.0554,0.0452,0.0521,0.0435,8000.0,8000.0,0.7051633070279044,0.08933094381321828,0.0,0.6158323632130382,1.6478798914220001e-12,0.0,103.0,33
27,HGNC:23018,TMEM270,,,1.1786e-08,1.6380e+00,0.2,0.1,0.09080553,,unreliable,0.0,0.0,0.0,0.0,8000.0,8000.0,0.22002330645907806,0.0,0.0,0.22002328288707806,2.3571999999891422e-08,0.0,102.0,34
28,HGNC:33908,TYW1B,,,5.4289e-20,1.7660e+00,4.4,1.8,,1.7939,overcompensated,0.037,0.0206,0.0352,0.0205,8000.0,8000.0,0.07101280558789291,0.0,0.0,0.07101280558789291,0.0,0.0,90.0,35
29,HGNC:2046 ,CLDN4,,,6.9789e-05,1.8270e+00,4.6,112.9,,2.0,unreliable,0.0003,0.0001,0.0003,0.0001,8000.0,8000.0,0.0001395779999999999,0.0,0.0,0.0,0.0001395779999999999,0.0,106.0,32
30,HGNC:33771,SPDYE8,,,,,0.0,0.0,,,unreliable,0.0,0.0,0.0,0.0,8000.0,8000.0,0.0,0.0,0.0,0.0,0.0,0.0,136.0,21
31,HGNC:45034,SPDYE9,,,,,0.0,0.0,,,unreliable,0.0,0.0,0.0,0.0,8000.0,8000.0,0.0,0.0,0.0,0.0,0.0,0.0,136.0,21
32,HGNC:51506,SPDYE10,,,,,0.2,0.2,,,,,,,,,,0.0,0.0,0.0,0.0,0.0,0.0,136.0,21
33,HGNC:51507,SPDYE11,,,,,0.0,0.0,,,unreliable,0.0,0.0,0.0,0.0,8000.0,8000.0,0.0,0.0,0.0,0.0,0.0,0.0,136.0,21
34,,ENSG00000289346,,,,,,,,,,,,,,,,0.0,0.0,0.0,0.0,0.0,0.0,136.0,21
35,HGNC:30775,GTF2IRD2,0.0,0.0,3.1521e-08,1.1650e+00,16.9,12.8,0.20278412,1.5831,overcompensated,0.0798,0.0504,0.0746,0.0483,8000.0,8000.0,-0.5895540291891123,0.1397823454871648,-1.5,0.7706635622817228,6.304199999989142e-08,0.0,160.5,14
