rank, hgnc_id   , input_symbol   , clinGen_hi_score, clinGen_triplo_score, gnomad_pLI, gnomad_LOEUF, hpa_liver_expr, hpa_kidney_expr, consensus_score     , contrib_clinGen_hi_score, contrib_gnomad_LOEUF, contrib_gnomad_pLI , hpa_penalty, borda_score, borda_rank
   1, HGNC:4047 , FZD9           ,                 ,                     , 1.9309e-03, 8.3400e-01  ,            0.1,             0.1, 1.925925925925926   , 0.0                     ,  1.0370370370370372 , 0.8888888888888888 , 0.0        ,       133.0,         15
   2, HGNC:3722 , FKBP6          ,                 ,                     , 1.3955e-06, 1.0310e+00  ,            0.0,             0.0, 1.037037037037037   , 0.0                     ,  0.5925925925925926 , 0.4444444444444444 , 0.0        ,       109.0,         31
   3, HGNC:23018, TMEM270        ,                 ,                     ,           ,             ,            0.2,             0.1, 0.0                 , 0.0                     ,  0.0                , 0.0                , 0.0        ,       119.0,         19
   4, HGNC:33771, SPDYE8         ,                 ,                     ,           ,             ,            0.0,             0.0, 0.0                 , 0.0                     ,  0.0                , 0.0                , 0.0        ,       119.0,         19
   5, HGNC:45034, SPDYE9         ,                 ,                     ,           ,             ,            0.0,             0.0, 0.0                 , 0.0                     ,  0.0                , 0.0                , 0.0        ,       119.0,         19
   6, HGNC:51506, SPDYE10        ,                 ,                     ,           ,             ,            0.2,             0.2, 0.0                 , 0.0                     ,  0.0                , 0.0                , 0.0        ,       119.0,         19
   7, HGNC:51507, SPDYE11        ,                 ,                     ,           ,             ,            0.0,             0.0, 0.0                 , 0.0                     ,  0.0                , 0.0                , 0.0        ,       119.0,         19
   8,           , ENSG00000289346,                 ,                     ,           ,             ,               ,                , 0.0                 , 0.0                     ,  0.0                , 0.0                , 0.0        ,       119.0,         19
   9, HGNC:3327 , ELN            ,              3.0,                  0.0, 2.1429e-14, 8.7100e-01  ,           13.2,            12.5, -0.0370370370370372 , 3.0                     ,  0.8148148148148149 , 0.14814814814814814, -4.0       ,       158.0,          8
  10, HGNC:961  , BAZ1B          ,                 ,                     , 1.0000e+00, 1.0900e-01  ,           23.4,            16.2, -0.07407407407407396, 0.0                     ,  1.925925925925926  , 2.0                , -4.0       ,       187.0,          4
  11, HGNC:2586 , CLIP2          ,                 ,                     , 9.9997e-01, 1.9600e-01  ,            3.0,            15.1, -0.22222222222222232, 0.0                     ,  1.8518518518518519 , 1.9259259259259258 , -4.0       ,       183.0,          5
  12, HGNC:11433, STX1A          ,                 ,                     , 9.7850e-01, 2.9300e-01  ,            2.2,             3.3, -0.6666666666666665 , 0.0                     ,  1.6296296296296298 , 1.7037037037037037 , -4.0       ,       171.0,          6
  13, HGNC:18287, VPS37D         ,                 ,                     , 9.1622e-01, 3.7600e-01  ,            9.4,            11.0, -0.8888888888888893 , 0.0                     ,  1.4814814814814814 , 1.6296296296296295 , -4.0       ,       165.0,          7
  14, HGNC:12741, EIF4H          ,                 ,                     , 4.3982e-01, 5.4800e-01  ,          192.1,           152.1, -1.333333333333333  , 0.0                     ,  1.2592592592592593 , 1.4074074074074074 , -4.0       ,       153.0,          9
  15, HGNC:19017, TRIM50         ,                 ,                     , 1.5479e-10, 1.2540e+00  ,            0.3,             6.6, -1.3333333333333333 , 0.0                     ,  0.37037037037037046, 0.2962962962962963 , -2.0       ,        99.0,         32
  16, HGNC:12744, MLXIPL         ,                 ,                     , 4.7771e-02, 4.7300e-01  ,          595.0,            35.2, -1.4074074074074074 , 0.0                     ,  1.4074074074074074 , 1.1851851851851851 , -4.0       ,       151.0,         10
  17, HGNC:19702, POM121         ,                 ,                     , 5.7971e-02, 5.2700e-01  ,           15.7,            12.4, -1.4074074074074074 , 0.0                     ,  1.3333333333333335 , 1.2592592592592593 , -4.0       ,       151.0,         10
  18, HGNC:2045 , CLDN3          ,                 ,                     , 5.2233e-01, 7.5500e-01  ,           39.5,            45.2, -1.4074074074074074 , 0.0                     ,  1.1111111111111112 , 1.4814814814814814 , -4.0       ,       151.0,         10
  19, HGNC:1005 , BCL7B          ,                 ,                     , 1.8519e-01, 7.1400e-01  ,           24.3,            21.2, -1.4814814814814818 , 0.0                     ,  1.1851851851851851 , 1.3333333333333333 , -4.0       ,       149.0,         13
  20, HGNC:6613 , LIMK1          ,              0.0,                  0.0, 9.9937e-01, 2.2500e-01  ,            4.5,            10.4, -1.8703703703703702 , -1.5                    ,  1.7777777777777777 , 1.8518518518518519 , -4.0       ,       222.5,          1
  21, HGNC:4659 , GTF2I          ,              0.0,                  0.0, 9.9592e-01, 2.7000e-01  ,           56.7,            69.0, -2.0185185185185186 , -1.5                    ,  1.7037037037037037 , 1.7777777777777777 , -4.0       ,       218.5,          2
  22, HGNC:12749, LAT2           ,                 ,                     , 2.2295e-04, 8.3500e-01  ,            4.7,             3.2, -2.2222222222222223 , 0.0                     ,  0.962962962962963  , 0.8148148148148148 , -4.0       ,       129.0,         16
  23, HGNC:16407, ABHD11         ,                 ,                     , 2.9581e-03, 9.4100e-01  ,            9.3,            28.6, -2.2962962962962963 , 0.0                     ,  0.7407407407407407 , 0.9629629629629629 , -4.0       ,       127.0,         17
  24, HGNC:11586, TBL2           ,                 ,                     , 1.8452e-04, 8.5800e-01  ,            4.5,             3.7, -2.3703703703703702 , 0.0                     ,  0.8888888888888888 , 0.7407407407407407 , -4.0       ,       125.0,         18
  25, HGNC:4661 , GTF2IRD1       ,              0.0,                  0.0, 9.0039e-01, 3.2900e-01  ,            4.5,            18.0, -2.388888888888889  , -1.5                    ,  1.5555555555555556 , 1.5555555555555556 , -4.0       ,       208.5,          3
  26, HGNC:17453, TRIM74         ,                 ,                     , 9.1423e-03, 1.2730e+00  ,            2.6,             1.6, -2.666666666666667  , 0.0                     ,  0.2962962962962963 , 1.037037037037037  , -4.0       ,       117.0,         27
  27, HGNC:16410, DNAJC30        ,                 ,                     , 2.3092e-02, 1.4160e+00  ,           11.6,             9.4, -2.7407407407407405 , 0.0                     ,  0.14814814814814814, 1.1111111111111112 , -4.0       ,       115.0,         28
  28, HGNC:9970 , RFC2           ,                 ,                     , 2.2054e-06, 9.7700e-01  ,           20.7,            14.3, -2.814814814814815  , 0.0                     ,  0.6666666666666667 , 0.5185185185185185 , -4.0       ,       113.0,         29
  29, HGNC:7660 , NCF1           ,                 ,                  0.0, 2.8311e-05, 1.1330e+00  ,            5.3,             2.8, -2.888888888888889  , 0.0                     ,  0.5185185185185186 , 0.5925925925925926 , -4.0       ,       111.0,         30
  30, HGNC:2046 , CLDN4          ,                 ,                     , 6.9789e-05, 1.8270e+00  ,            4.6,           112.9, -3.3333333333333335 , 0.0                     ,  0.0                , 0.6666666666666666 , -4.0       ,        99.0,         32
  31, HGNC:16385, NSUN5          ,                 ,                     , 8.2394e-13, 1.2980e+00  ,           15.8,            16.9, -3.5555555555555554 , 0.0                     ,  0.22222222222222232, 0.2222222222222222 , -4.0       ,        93.0,         34
  32, HGNC:33908, TYW1B          ,                 ,                     , 5.4289e-20, 1.7660e+00  ,            4.4,             1.8, -3.8518518518518516 , 0.0                     ,  0.07407407407407418, 0.07407407407407407, -4.0       ,        85.0,         35
  33, HGNC:16405, BUD23          ,                 ,                     ,           ,             ,           48.4,            45.4, -4.0                , 0.0                     ,  0.0                , 0.0                , -4.0       ,       119.0,         19
  34, HGNC:19068, METTL27        ,                 ,                     ,           ,             ,            1.9,            10.4, -4.0                , 0.0                     ,  0.0                , 0.0                , -4.0       ,       119.0,         19
  35, HGNC:30775, GTF2IRD2       ,              0.0,                  0.0, 3.1521e-08, 1.1650e+00  ,           16.9,            12.8, -4.685185185185185  , -1.5                    ,  0.4444444444444444 , 0.37037037037037035, -4.0       ,       146.5,         14
