gene_symbol,source,deletion_id,chrom,start,end
TYW1B,known_interval,williams_7q11.23,chr7,72558744,72828200
POM121,known_interval,williams_7q11.23,chr7,72879349,72951440
TRIM74,known_interval,williams_7q11.23,chr7,72959485,72969466
SPDYE8,known_interval,williams_7q11.23,chr7,73019719,73029766
SPDYE11,known_interval,williams_7q11.23,chr7,73047862,73057911
SPDYE9,known_interval,williams_7q11.23,chr7,73075972,73086038
SPDYE10,known_interval,williams_7q11.23,chr7,73104008,73155431
NSUN5,known_interval,williams_7q11.23,chr7,73302516,73308826
TRIM50,known_interval,williams_7q11.23,chr7,73312536,73328082
FKBP6,known_interval,williams_7q11.23,chr7,73328161,73358637
FZD9,known_interval,williams_7q11.23,chr7,73433778,73436120
BAZ1B,known_interval,williams_7q11.23,chr7,73440406,73522293
BCL7B,known_interval,williams_7q11.23,chr7,73536356,73557690
TBL2,known_interval,williams_7q11.23,chr7,73567537,73578791
MLXIPL,known_interval,williams_7q11.23,chr7,73593194,73624543
VPS37D,known_interval,williams_7q11.23,chr7,73667831,73672112
DNAJC30,known_interval,williams_7q11.23,chr7,73680918,73683453
BUD23,known_interval,williams_7q11.23,chr7,73683597,73698212
STX1A,known_interval,williams_7q11.23,chr7,73699206,73719672
ABHD11,known_interval,williams_7q11.23,chr7,73736094,73738852
CLDN3,known_interval,williams_7q11.23,chr7,73768997,73770270
CLDN4,known_interval,williams_7q11.23,chr7,73799542,73832690
METTL27,known_interval,williams_7q11.23,chr7,73834590,73842516
TMEM270,known_interval,williams_7q11.23,chr7,73861159,73865890
ELN,known_interval,williams_7q11.23,chr7,74027789,74069907
LIMK1,known_interval,williams_7q11.23,chr7,74082933,74122525
EIF4H,known_interval,williams_7q11.23,chr7,74174231,74197122
LAT2,known_interval,williams_7q11.23,chr7,74199652,74229834
RFC2,known_interval,williams_7q11.23,chr7,74231499,74254458
CLIP2,known_interval,williams_7q11.23,chr7,74289407,74405935
GTF2IRD1,known_interval,williams_7q11.23,chr7,74453790,74602605
GTF2I,known_interval,williams_7q11.23,chr7,74650231,74760692
NCF1,known_interval,williams_7q11.23,chr7,74774011,74789315
ENSG00000289346,known_interval,williams_7q11.23,chr7,74796150,74890585
GTF2IRD2,known_interval,williams_7q11.23,chr7,74796151,74851605
